=== Audit Report - Fri Dec 12 23:51:45 EST 2025 ===

--- LINT CHECK ---
turbo 2.6.1

• Packages in scope: atlvs, compvss, gvteway
• Running lint in 3 packages
• Remote caching disabled
compvss:lint: cache miss, executing 4fca451c8b492c9b
gvteway:lint: cache miss, executing 157890566438d5b3
atlvs:lint: cache miss, executing 9c250ea2ab745fa8
compvss:lint: 
compvss:lint: > compvss@0.1.0 lint /Users/julianclarkson/Documents/Dragonflyone/apps/compvss
compvss:lint: > next lint --max-warnings 9999
compvss:lint: 
gvteway:lint: 
gvteway:lint: > gvteway@0.1.0 lint /Users/julianclarkson/Documents/Dragonflyone/apps/gvteway
gvteway:lint: > next lint --max-warnings 9999
gvteway:lint: 
atlvs:lint: 
atlvs:lint: > atlvs@0.1.0 lint /Users/julianclarkson/Documents/Dragonflyone/apps/atlvs
atlvs:lint: > next lint --max-warnings 9999
atlvs:lint: 
atlvs:lint: ✔ No ESLint warnings or errors
compvss:lint: ✔ No ESLint warnings or errors

--- TYPESCRIPT CHECK ---
turbo 2.6.1

• Packages in scope: @ghxstship/config, @ghxstship/ui
• Running build in 2 packages
• Remote caching disabled
@ghxstship/config:build: cache hit, replaying logs f5857a358af18fdd
@ghxstship/config:build: 
@ghxstship/config:build: 
@ghxstship/config:build: > @ghxstship/config@0.0.1 build /Users/julianclarkson/Documents/Dragonflyone/packages/config
@ghxstship/config:build: > tsc -p tsconfig.json
@ghxstship/config:build: 
@ghxstship/ui:build: cache hit, replaying logs 80d7a90d948ef8e7
@ghxstship/ui:build: 
@ghxstship/ui:build: 
@ghxstship/ui:build: > @ghxstship/ui@0.0.1 build /Users/julianclarkson/Documents/Dragonflyone/packages/ui
@ghxstship/ui:build: > tsc -p tsconfig.json
@ghxstship/ui:build: 

 Tasks:    2 successful, 2 total
Cached:    2 cached, 2 total
  Time:    107ms >>> FULL TURBO


--- BUILD VERIFICATION ---
turbo 2.6.1

• Packages in scope: atlvs
• Running build in 1 packages
• Remote caching disabled
@ghxstship/config:build: cache hit, replaying logs f5857a358af18fdd
@ghxstship/config:build: 
@ghxstship/config:build: 
@ghxstship/config:build: > @ghxstship/config@0.0.1 build /Users/julianclarkson/Documents/Dragonflyone/packages/config
@ghxstship/config:build: > tsc -p tsconfig.json
@ghxstship/config:build: 
@ghxstship/ui:build: cache hit, replaying logs 80d7a90d948ef8e7
@ghxstship/ui:build: 
@ghxstship/ui:build: 
@ghxstship/ui:build: > @ghxstship/ui@0.0.1 build /Users/julianclarkson/Documents/Dragonflyone/packages/ui
@ghxstship/ui:build: > tsc -p tsconfig.json
@ghxstship/ui:build: 
atlvs:build: cache miss, executing 576eb990cf514781
atlvs:build: 
atlvs:build: > atlvs@0.1.0 build /Users/julianclarkson/Documents/Dragonflyone/apps/atlvs
atlvs:build: > NODE_OPTIONS='--max-old-space-size=8192' next build --no-lint
atlvs:build: 
atlvs:build:  ⚠ Linting is disabled.
atlvs:build:   ▲ Next.js 14.2.34
atlvs:build:   - Environments: .env.local
atlvs:build: 
atlvs:build:    Creating an optimized production build ...
atlvs:build:    Using tsconfig file: tsconfig.build.json
atlvs:build:  ✓ Compiled successfully
atlvs:build:    Skipping validation of types
atlvs:build:    Collecting page data ...
atlvs:build: unhandledRejection Error [PageNotFoundError]: Cannot find module for page: /_document
atlvs:build:     at getPagePath (/Users/julianclarkson/Documents/Dragonflyone/node_modules/.pnpm/next@14.2.34_@babel+core@7.28.5_@opentelemetry+api@1.9.0_@playwright+test@1.56.1_react-dom@18_7hgdyk63qyoywe26j4c7wzx2ra/node_modules/next/dist/server/require.js:94:15)
atlvs:build:     at requirePage (/Users/julianclarkson/Documents/Dragonflyone/node_modules/.pnpm/next@14.2.34_@babel+core@7.28.5_@opentelemetry+api@1.9.0_@playwright+test@1.56.1_react-dom@18_7hgdyk63qyoywe26j4c7wzx2ra/node_modules/next/dist/server/require.js:99:22)
atlvs:build:     at /Users/julianclarkson/Documents/Dragonflyone/node_modules/.pnpm/next@14.2.34_@babel+core@7.28.5_@opentelemetry+api@1.9.0_@playwright+test@1.56.1_react-dom@18_7hgdyk63qyoywe26j4c7wzx2ra/node_modules/next/dist/server/load-components.js:72:65
atlvs:build:     at process.processTicksAndRejections (node:internal/process/task_queues:105:5)
atlvs:build:     at async Promise.all (index 0)
atlvs:build:     at async loadComponentsImpl (/Users/julianclarkson/Documents/Dragonflyone/node_modules/.pnpm/next@14.2.34_@babel+core@7.28.5_@opentelemetry+api@1.9.0_@playwright+test@1.56.1_react-dom@18_7hgdyk63qyoywe26j4c7wzx2ra/node_modules/next/dist/server/load-components.js:71:33)
atlvs:build:     at async Object.getDefinedNamedExports (/Users/julianclarkson/Documents/Dragonflyone/node_modules/.pnpm/next@14.2.34_@babel+core@7.28.5_@opentelemetry+api@1.9.0_@playwright+test@1.56.1_react-dom@18_7hgdyk63qyoywe26j4c7wzx2ra/node_modules/next/dist/build/utils.js:1291:24) {
atlvs:build:   type: 'PageNotFoundError',
atlvs:build:   code: 'ENOENT'
atlvs:build: }
atlvs:build:  ELIFECYCLE  Command failed with exit code 1.
atlvs:build: ERROR: command finished with error: command (/Users/julianclarkson/Documents/Dragonflyone/apps/atlvs) /Users/julianclarkson/Library/pnpm/.tools/@pnpm+macos-arm64/9.0.0/bin/pnpm run build exited (1)
atlvs#build: command (/Users/julianclarkson/Documents/Dragonflyone/apps/atlvs) /Users/julianclarkson/Library/pnpm/.tools/@pnpm+macos-arm64/9.0.0/bin/pnpm run build exited (1)

 Tasks:    2 successful, 3 total
Cached:    2 cached, 3 total
  Time:    1h24m8.974s 
Failed:    atlvs#build

 ERROR  run failed: command  exited (1)
turbo 2.6.1

• Packages in scope: compvss
• Running build in 1 packages
• Remote caching disabled
@ghxstship/ui:build: cache miss, executing 8936c4b18a0e8b9d
@ghxstship/config:build: cache miss, executing 5cd7eb12581c3371
@ghxstship/ui:build: 
@ghxstship/ui:build: > @ghxstship/ui@0.0.1 build /Users/julianclarkson/Documents/Dragonflyone/packages/ui
@ghxstship/ui:build: > tsc -p tsconfig.json
@ghxstship/ui:build: 
@ghxstship/config:build: 
@ghxstship/config:build: > @ghxstship/config@0.0.1 build /Users/julianclarkson/Documents/Dragonflyone/packages/config
@ghxstship/config:build: > tsc -p tsconfig.json
@ghxstship/config:build: 
compvss:build: cache miss, executing a2301846c2e59ca2
compvss:build: 
compvss:build: > compvss@0.1.0 build /Users/julianclarkson/Documents/Dragonflyone/apps/compvss
compvss:build: > NODE_OPTIONS='--max-old-space-size=8192' next build
compvss:build: 
compvss:build:   ▲ Next.js 14.2.34
compvss:build:   - Environments: .env.local
compvss:build:   - Experiments (use with caution):
compvss:build:     · missingSuspenseWithCSRBailout
compvss:build: 
compvss:build:    Creating an optimized production build ...
compvss:build:  ✓ Compiled successfully
compvss:build:    Skipping validation of types
compvss:build:    Skipping linting
compvss:build:    Collecting page data ...
compvss:build:  ⚠ Using edge runtime on a page currently disables static generation for that page
compvss:build:    Generating static pages (0/121) ...
compvss:build:  ⚠ Entire page "/communications/channels" deopted into client-side rendering due to "useSearchParams()". Read more: https://nextjs.org/docs/messages/deopted-into-client-rendering
compvss:build:     at n (/Users/julianclarkson/Documents/Dragonflyone/apps/compvss/.next/server/chunks/6939.js:41:676431)
compvss:build:     at h (/Users/julianclarkson/Documents/Dragonflyone/apps/compvss/.next/server/chunks/6939.js:41:687416)
compvss:build:     at m (/Users/julianclarkson/Documents/Dragonflyone/apps/compvss/.next/server/chunks/8072.js:10:4905)
compvss:build:     at p (/Users/julianclarkson/Documents/Dragonflyone/apps/compvss/.next/server/app/communications/channels/page.js:1:2648)
compvss:build:     at nj (/Users/julianclarkson/Documents/Dragonflyone/node_modules/.pnpm/next@14.2.34_@babel+core@7.28.5_@opentelemetry+api@1.9.0_@playwright+test@1.56.1_react-dom@18_7hgdyk63qyoywe26j4c7wzx2ra/node_modules/next/dist/compiled/next-server/app-page.runtime.prod.js:12:46252)
compvss:build:     at nM (/Users/julianclarkson/Documents/Dragonflyone/node_modules/.pnpm/next@14.2.34_@babel+core@7.28.5_@opentelemetry+api@1.9.0_@playwright+test@1.56.1_react-dom@18_7hgdyk63qyoywe26j4c7wzx2ra/node_modules/next/dist/compiled/next-server/app-page.runtime.prod.js:12:47572)
compvss:build:     at nL (/Users/julianclarkson/Documents/Dragonflyone/node_modules/.pnpm/next@14.2.34_@babel+core@7.28.5_@opentelemetry+api@1.9.0_@playwright+test@1.56.1_react-dom@18_7hgdyk63qyoywe26j4c7wzx2ra/node_modules/next/dist/compiled/next-server/app-page.runtime.prod.js:12:64547)
compvss:build:     at nI (/Users/julianclarkson/Documents/Dragonflyone/node_modules/.pnpm/next@14.2.34_@babel+core@7.28.5_@opentelemetry+api@1.9.0_@playwright+test@1.56.1_react-dom@18_7hgdyk63qyoywe26j4c7wzx2ra/node_modules/next/dist/compiled/next-server/app-page.runtime.prod.js:12:47011)
compvss:build:     at nM (/Users/julianclarkson/Documents/Dragonflyone/node_modules/.pnpm/next@14.2.34_@babel+core@7.28.5_@opentelemetry+api@1.9.0_@playwright+test@1.56.1_react-dom@18_7hgdyk63qyoywe26j4c7wzx2ra/node_modules/next/dist/compiled/next-server/app-page.runtime.prod.js:12:47718)
compvss:build:     at nM (/Users/julianclarkson/Documents/Dragonflyone/node_modules/.pnpm/next@14.2.34_@babel+core@7.28.5_@opentelemetry+api@1.9.0_@playwright+test@1.56.1_react-dom@18_7hgdyk63qyoywe26j4c7wzx2ra/node_modules/next/dist/compiled/next-server/app-page.runtime.prod.js:12:61547)
compvss:build:    Generating static pages (30/121) 
compvss:build:  ⚠ Entire page "/emergency" deopted into client-side rendering due to "useSearchParams()". Read more: https://nextjs.org/docs/messages/deopted-into-client-rendering
compvss:build:     at n (/Users/julianclarkson/Documents/Dragonflyone/apps/compvss/.next/server/chunks/6939.js:41:676431)
compvss:build:     at h (/Users/julianclarkson/Documents/Dragonflyone/apps/compvss/.next/server/chunks/6939.js:41:687416)
compvss:build:     at m (/Users/julianclarkson/Documents/Dragonflyone/apps/compvss/.next/server/chunks/8072.js:10:4905)
compvss:build:     at d (/Users/julianclarkson/Documents/Dragonflyone/apps/compvss/.next/server/app/emergency/page.js:1:2439)
compvss:build:     at nj (/Users/julianclarkson/Documents/Dragonflyone/node_modules/.pnpm/next@14.2.34_@babel+core@7.28.5_@opentelemetry+api@1.9.0_@playwright+test@1.56.1_react-dom@18_7hgdyk63qyoywe26j4c7wzx2ra/node_modules/next/dist/compiled/next-server/app-page.runtime.prod.js:12:46252)
compvss:build:     at nM (/Users/julianclarkson/Documents/Dragonflyone/node_modules/.pnpm/next@14.2.34_@babel+core@7.28.5_@opentelemetry+api@1.9.0_@playwright+test@1.56.1_react-dom@18_7hgdyk63qyoywe26j4c7wzx2ra/node_modules/next/dist/compiled/next-server/app-page.runtime.prod.js:12:47572)
compvss:build:     at nL (/Users/julianclarkson/Documents/Dragonflyone/node_modules/.pnpm/next@14.2.34_@babel+core@7.28.5_@opentelemetry+api@1.9.0_@playwright+test@1.56.1_react-dom@18_7hgdyk63qyoywe26j4c7wzx2ra/node_modules/next/dist/compiled/next-server/app-page.runtime.prod.js:12:64547)
compvss:build:     at nI (/Users/julianclarkson/Documents/Dragonflyone/node_modules/.pnpm/next@14.2.34_@babel+core@7.28.5_@opentelemetry+api@1.9.0_@playwright+test@1.56.1_react-dom@18_7hgdyk63qyoywe26j4c7wzx2ra/node_modules/next/dist/compiled/next-server/app-page.runtime.prod.js:12:47011)
compvss:build:     at nM (/Users/julianclarkson/Documents/Dragonflyone/node_modules/.pnpm/next@14.2.34_@babel+core@7.28.5_@opentelemetry+api@1.9.0_@playwright+test@1.56.1_react-dom@18_7hgdyk63qyoywe26j4c7wzx2ra/node_modules/next/dist/compiled/next-server/app-page.runtime.prod.js:12:47718)
compvss:build:     at nM (/Users/julianclarkson/Documents/Dragonflyone/node_modules/.pnpm/next@14.2.34_@babel+core@7.28.5_@opentelemetry+api@1.9.0_@playwright+test@1.56.1_react-dom@18_7hgdyk63qyoywe26j4c7wzx2ra/node_modules/next/dist/compiled/next-server/app-page.runtime.prod.js:12:61547)
compvss:build:  ⚠ Entire page "/knowledge/offline" deopted into client-side rendering due to "useSearchParams()". Read more: https://nextjs.org/docs/messages/deopted-into-client-rendering
compvss:build:     at n (/Users/julianclarkson/Documents/Dragonflyone/apps/compvss/.next/server/chunks/6939.js:41:676431)
compvss:build:     at h (/Users/julianclarkson/Documents/Dragonflyone/apps/compvss/.next/server/chunks/6939.js:41:687416)
compvss:build:     at m (/Users/julianclarkson/Documents/Dragonflyone/apps/compvss/.next/server/chunks/8072.js:10:4905)
compvss:build:     at x (/Users/julianclarkson/Documents/Dragonflyone/apps/compvss/.next/server/app/knowledge/offline/page.js:1:2523)
compvss:build:     at nj (/Users/julianclarkson/Documents/Dragonflyone/node_modules/.pnpm/next@14.2.34_@babel+core@7.28.5_@opentelemetry+api@1.9.0_@playwright+test@1.56.1_react-dom@18_7hgdyk63qyoywe26j4c7wzx2ra/node_modules/next/dist/compiled/next-server/app-page.runtime.prod.js:12:46252)
compvss:build:     at nM (/Users/julianclarkson/Documents/Dragonflyone/node_modules/.pnpm/next@14.2.34_@babel+core@7.28.5_@opentelemetry+api@1.9.0_@playwright+test@1.56.1_react-dom@18_7hgdyk63qyoywe26j4c7wzx2ra/node_modules/next/dist/compiled/next-server/app-page.runtime.prod.js:12:47572)
compvss:build:     at nL (/Users/julianclarkson/Documents/Dragonflyone/node_modules/.pnpm/next@14.2.34_@babel+core@7.28.5_@opentelemetry+api@1.9.0_@playwright+test@1.56.1_react-dom@18_7hgdyk63qyoywe26j4c7wzx2ra/node_modules/next/dist/compiled/next-server/app-page.runtime.prod.js:12:64547)
compvss:build:     at nI (/Users/julianclarkson/Documents/Dragonflyone/node_modules/.pnpm/next@14.2.34_@babel+core@7.28.5_@opentelemetry+api@1.9.0_@playwright+test@1.56.1_react-dom@18_7hgdyk63qyoywe26j4c7wzx2ra/node_modules/next/dist/compiled/next-server/app-page.runtime.prod.js:12:47011)
compvss:build:     at nM (/Users/julianclarkson/Documents/Dragonflyone/node_modules/.pnpm/next@14.2.34_@babel+core@7.28.5_@opentelemetry+api@1.9.0_@playwright+test@1.56.1_react-dom@18_7hgdyk63qyoywe26j4c7wzx2ra/node_modules/next/dist/compiled/next-server/app-page.runtime.prod.js:12:47718)
compvss:build:     at nM (/Users/julianclarkson/Documents/Dragonflyone/node_modules/.pnpm/next@14.2.34_@babel+core@7.28.5_@opentelemetry+api@1.9.0_@playwright+test@1.56.1_react-dom@18_7hgdyk63qyoywe26j4c7wzx2ra/node_modules/next/dist/compiled/next-server/app-page.runtime.prod.js:12:61547)
compvss:build:  ⚠ Entire page "/knowledge/multilingual" deopted into client-side rendering due to "useSearchParams()". Read more: https://nextjs.org/docs/messages/deopted-into-client-rendering
compvss:build:     at n (/Users/julianclarkson/Documents/Dragonflyone/apps/compvss/.next/server/chunks/6939.js:41:676431)
compvss:build:     at h (/Users/julianclarkson/Documents/Dragonflyone/apps/compvss/.next/server/chunks/6939.js:41:687416)
compvss:build:     at m (/Users/julianclarkson/Documents/Dragonflyone/apps/compvss/.next/server/chunks/8072.js:10:4905)
compvss:build:     at p (/Users/julianclarkson/Documents/Dragonflyone/apps/compvss/.next/server/app/knowledge/multilingual/page.js:1:2553)
compvss:build:     at nj (/Users/julianclarkson/Documents/Dragonflyone/node_modules/.pnpm/next@14.2.34_@babel+core@7.28.5_@opentelemetry+api@1.9.0_@playwright+test@1.56.1_react-dom@18_7hgdyk63qyoywe26j4c7wzx2ra/node_modules/next/dist/compiled/next-server/app-page.runtime.prod.js:12:46252)
compvss:build:     at nM (/Users/julianclarkson/Documents/Dragonflyone/node_modules/.pnpm/next@14.2.34_@babel+core@7.28.5_@opentelemetry+api@1.9.0_@playwright+test@1.56.1_react-dom@18_7hgdyk63qyoywe26j4c7wzx2ra/node_modules/next/dist/compiled/next-server/app-page.runtime.prod.js:12:47572)
compvss:build:     at nL (/Users/julianclarkson/Documents/Dragonflyone/node_modules/.pnpm/next@14.2.34_@babel+core@7.28.5_@opentelemetry+api@1.9.0_@playwright+test@1.56.1_react-dom@18_7hgdyk63qyoywe26j4c7wzx2ra/node_modules/next/dist/compiled/next-server/app-page.runtime.prod.js:12:64547)
compvss:build:     at nI (/Users/julianclarkson/Documents/Dragonflyone/node_modules/.pnpm/next@14.2.34_@babel+core@7.28.5_@opentelemetry+api@1.9.0_@playwright+test@1.56.1_react-dom@18_7hgdyk63qyoywe26j4c7wzx2ra/node_modules/next/dist/compiled/next-server/app-page.runtime.prod.js:12:47011)
compvss:build:     at nM (/Users/julianclarkson/Documents/Dragonflyone/node_modules/.pnpm/next@14.2.34_@babel+core@7.28.5_@opentelemetry+api@1.9.0_@playwright+test@1.56.1_react-dom@18_7hgdyk63qyoywe26j4c7wzx2ra/node_modules/next/dist/compiled/next-server/app-page.runtime.prod.js:12:47718)
compvss:build:     at nM (/Users/julianclarkson/Documents/Dragonflyone/node_modules/.pnpm/next@14.2.34_@babel+core@7.28.5_@opentelemetry+api@1.9.0_@playwright+test@1.56.1_react-dom@18_7hgdyk63qyoywe26j4c7wzx2ra/node_modules/next/dist/compiled/next-server/app-page.runtime.prod.js:12:61547)
compvss:build:  ⚠ Entire page "/crew-social" deopted into client-side rendering due to "useSearchParams()". Read more: https://nextjs.org/docs/messages/deopted-into-client-rendering
compvss:build:     at n (/Users/julianclarkson/Documents/Dragonflyone/apps/compvss/.next/server/chunks/6939.js:41:676431)
compvss:build:     at h (/Users/julianclarkson/Documents/Dragonflyone/apps/compvss/.next/server/chunks/6939.js:41:687416)
compvss:build:     at m (/Users/julianclarkson/Documents/Dragonflyone/apps/compvss/.next/server/chunks/8072.js:10:4905)
compvss:build:     at h (/Users/julianclarkson/Documents/Dragonflyone/apps/compvss/.next/server/app/crew-social/page.js:1:2673)
compvss:build:     at nj (/Users/julianclarkson/Documents/Dragonflyone/node_modules/.pnpm/next@14.2.34_@babel+core@7.28.5_@opentelemetry+api@1.9.0_@playwright+test@1.56.1_react-dom@18_7hgdyk63qyoywe26j4c7wzx2ra/node_modules/next/dist/compiled/next-server/app-page.runtime.prod.js:12:46252)
compvss:build:     at nM (/Users/julianclarkson/Documents/Dragonflyone/node_modules/.pnpm/next@14.2.34_@babel+core@7.28.5_@opentelemetry+api@1.9.0_@playwright+test@1.56.1_react-dom@18_7hgdyk63qyoywe26j4c7wzx2ra/node_modules/next/dist/compiled/next-server/app-page.runtime.prod.js:12:47572)
compvss:build:     at nL (/Users/julianclarkson/Documents/Dragonflyone/node_modules/.pnpm/next@14.2.34_@babel+core@7.28.5_@opentelemetry+api@1.9.0_@playwright+test@1.56.1_react-dom@18_7hgdyk63qyoywe26j4c7wzx2ra/node_modules/next/dist/compiled/next-server/app-page.runtime.prod.js:12:64547)
compvss:build:     at nI (/Users/julianclarkson/Documents/Dragonflyone/node_modules/.pnpm/next@14.2.34_@babel+core@7.28.5_@opentelemetry+api@1.9.0_@playwright+test@1.56.1_react-dom@18_7hgdyk63qyoywe26j4c7wzx2ra/node_modules/next/dist/compiled/next-server/app-page.runtime.prod.js:12:47011)
compvss:build:     at nM (/Users/julianclarkson/Documents/Dragonflyone/node_modules/.pnpm/next@14.2.34_@babel+core@7.28.5_@opentelemetry+api@1.9.0_@playwright+test@1.56.1_react-dom@18_7hgdyk63qyoywe26j4c7wzx2ra/node_modules/next/dist/compiled/next-server/app-page.runtime.prod.js:12:47718)
compvss:build:     at nM (/Users/julianclarkson/Documents/Dragonflyone/node_modules/.pnpm/next@14.2.34_@babel+core@7.28.5_@opentelemetry+api@1.9.0_@playwright+test@1.56.1_react-dom@18_7hgdyk63qyoywe26j4c7wzx2ra/node_modules/next/dist/compiled/next-server/app-page.runtime.prod.js:12:61547)
compvss:build:  ⚠ Entire page "/knowledge/brand-guidelines" deopted into client-side rendering due to "useSearchParams()". Read more: https://nextjs.org/docs/messages/deopted-into-client-rendering
compvss:build:     at n (/Users/julianclarkson/Documents/Dragonflyone/apps/compvss/.next/server/chunks/6939.js:41:676431)
compvss:build:     at h (/Users/julianclarkson/Documents/Dragonflyone/apps/compvss/.next/server/chunks/6939.js:41:687416)
compvss:build:     at m (/Users/julianclarkson/Documents/Dragonflyone/apps/compvss/.next/server/chunks/8072.js:10:4905)
compvss:build:     at x (/Users/julianclarkson/Documents/Dragonflyone/apps/compvss/.next/server/app/knowledge/brand-guidelines/page.js:1:2643)
compvss:build:     at nj (/Users/julianclarkson/Documents/Dragonflyone/node_modules/.pnpm/next@14.2.34_@babel+core@7.28.5_@opentelemetry+api@1.9.0_@playwright+test@1.56.1_react-dom@18_7hgdyk63qyoywe26j4c7wzx2ra/node_modules/next/dist/compiled/next-server/app-page.runtime.prod.js:12:46252)
compvss:build:     at nM (/Users/julianclarkson/Documents/Dragonflyone/node_modules/.pnpm/next@14.2.34_@babel+core@7.28.5_@opentelemetry+api@1.9.0_@playwright+test@1.56.1_react-dom@18_7hgdyk63qyoywe26j4c7wzx2ra/node_modules/next/dist/compiled/next-server/app-page.runtime.prod.js:12:47572)
compvss:build:     at nL (/Users/julianclarkson/Documents/Dragonflyone/node_modules/.pnpm/next@14.2.34_@babel+core@7.28.5_@opentelemetry+api@1.9.0_@playwright+test@1.56.1_react-dom@18_7hgdyk63qyoywe26j4c7wzx2ra/node_modules/next/dist/compiled/next-server/app-page.runtime.prod.js:12:64547)
compvss:build:     at nI (/Users/julianclarkson/Documents/Dragonflyone/node_modules/.pnpm/next@14.2.34_@babel+core@7.28.5_@opentelemetry+api@1.9.0_@playwright+test@1.56.1_react-dom@18_7hgdyk63qyoywe26j4c7wzx2ra/node_modules/next/dist/compiled/next-server/app-page.runtime.prod.js:12:47011)
compvss:build:     at nM (/Users/julianclarkson/Documents/Dragonflyone/node_modules/.pnpm/next@14.2.34_@babel+core@7.28.5_@opentelemetry+api@1.9.0_@playwright+test@1.56.1_react-dom@18_7hgdyk63qyoywe26j4c7wzx2ra/node_modules/next/dist/compiled/next-server/app-page.runtime.prod.js:12:47718)
compvss:build:     at nM (/Users/julianclarkson/Documents/Dragonflyone/node_modules/.pnpm/next@14.2.34_@babel+core@7.28.5_@opentelemetry+api@1.9.0_@playwright+test@1.56.1_react-dom@18_7hgdyk63qyoywe26j4c7wzx2ra/node_modules/next/dist/compiled/next-server/app-page.runtime.prod.js:12:61547)
compvss:build:  ⚠ Entire page "/mentorship" deopted into client-side rendering due to "useSearchParams()". Read more: https://nextjs.org/docs/messages/deopted-into-client-rendering
compvss:build:     at n (/Users/julianclarkson/Documents/Dragonflyone/apps/compvss/.next/server/chunks/6939.js:41:676431)
compvss:build:     at h (/Users/julianclarkson/Documents/Dragonflyone/apps/compvss/.next/server/chunks/6939.js:41:687416)
compvss:build:     at m (/Users/julianclarkson/Documents/Dragonflyone/apps/compvss/.next/server/chunks/8072.js:10:4905)
compvss:build:     at x (/Users/julianclarkson/Documents/Dragonflyone/apps/compvss/.next/server/app/mentorship/page.js:1:2463)
compvss:build:     at nj (/Users/julianclarkson/Documents/Dragonflyone/node_modules/.pnpm/next@14.2.34_@babel+core@7.28.5_@opentelemetry+api@1.9.0_@playwright+test@1.56.1_react-dom@18_7hgdyk63qyoywe26j4c7wzx2ra/node_modules/next/dist/compiled/next-server/app-page.runtime.prod.js:12:46252)
compvss:build:     at nM (/Users/julianclarkson/Documents/Dragonflyone/node_modules/.pnpm/next@14.2.34_@babel+core@7.28.5_@opentelemetry+api@1.9.0_@playwright+test@1.56.1_react-dom@18_7hgdyk63qyoywe26j4c7wzx2ra/node_modules/next/dist/compiled/next-server/app-page.runtime.prod.js:12:47572)
compvss:build:     at nL (/Users/julianclarkson/Documents/Dragonflyone/node_modules/.pnpm/next@14.2.34_@babel+core@7.28.5_@opentelemetry+api@1.9.0_@playwright+test@1.56.1_react-dom@18_7hgdyk63qyoywe26j4c7wzx2ra/node_modules/next/dist/compiled/next-server/app-page.runtime.prod.js:12:64547)
compvss:build:     at nI (/Users/julianclarkson/Documents/Dragonflyone/node_modules/.pnpm/next@14.2.34_@babel+core@7.28.5_@opentelemetry+api@1.9.0_@playwright+test@1.56.1_react-dom@18_7hgdyk63qyoywe26j4c7wzx2ra/node_modules/next/dist/compiled/next-server/app-page.runtime.prod.js:12:47011)
compvss:build:     at nM (/Users/julianclarkson/Documents/Dragonflyone/node_modules/.pnpm/next@14.2.34_@babel+core@7.28.5_@opentelemetry+api@1.9.0_@playwright+test@1.56.1_react-dom@18_7hgdyk63qyoywe26j4c7wzx2ra/node_modules/next/dist/compiled/next-server/app-page.runtime.prod.js:12:47718)
compvss:build:     at nM (/Users/julianclarkson/Documents/Dragonflyone/node_modules/.pnpm/next@14.2.34_@babel+core@7.28.5_@opentelemetry+api@1.9.0_@playwright+test@1.56.1_react-dom@18_7hgdyk63qyoywe26j4c7wzx2ra/node_modules/next/dist/compiled/next-server/app-page.runtime.prod.js:12:61547)
compvss:build:    Generating static pages (60/121) 
compvss:build:  ⚠ Entire page "/opportunities/win-loss" deopted into client-side rendering due to "useSearchParams()". Read more: https://nextjs.org/docs/messages/deopted-into-client-rendering
compvss:build:     at n (/Users/julianclarkson/Documents/Dragonflyone/apps/compvss/.next/server/chunks/6939.js:41:676431)
compvss:build:     at h (/Users/julianclarkson/Documents/Dragonflyone/apps/compvss/.next/server/chunks/6939.js:41:687416)
compvss:build:     at m (/Users/julianclarkson/Documents/Dragonflyone/apps/compvss/.next/server/chunks/8072.js:10:4905)
compvss:build:     at d (/Users/julianclarkson/Documents/Dragonflyone/apps/compvss/.next/server/app/opportunities/win-loss/page.js:1:2554)
compvss:build:     at nj (/Users/julianclarkson/Documents/Dragonflyone/node_modules/.pnpm/next@14.2.34_@babel+core@7.28.5_@opentelemetry+api@1.9.0_@playwright+test@1.56.1_react-dom@18_7hgdyk63qyoywe26j4c7wzx2ra/node_modules/next/dist/compiled/next-server/app-page.runtime.prod.js:12:46252)
compvss:build:     at nM (/Users/julianclarkson/Documents/Dragonflyone/node_modules/.pnpm/next@14.2.34_@babel+core@7.28.5_@opentelemetry+api@1.9.0_@playwright+test@1.56.1_react-dom@18_7hgdyk63qyoywe26j4c7wzx2ra/node_modules/next/dist/compiled/next-server/app-page.runtime.prod.js:12:47572)
compvss:build:     at nL (/Users/julianclarkson/Documents/Dragonflyone/node_modules/.pnpm/next@14.2.34_@babel+core@7.28.5_@opentelemetry+api@1.9.0_@playwright+test@1.56.1_react-dom@18_7hgdyk63qyoywe26j4c7wzx2ra/node_modules/next/dist/compiled/next-server/app-page.runtime.prod.js:12:64547)
compvss:build:     at nI (/Users/julianclarkson/Documents/Dragonflyone/node_modules/.pnpm/next@14.2.34_@babel+core@7.28.5_@opentelemetry+api@1.9.0_@playwright+test@1.56.1_react-dom@18_7hgdyk63qyoywe26j4c7wzx2ra/node_modules/next/dist/compiled/next-server/app-page.runtime.prod.js:12:47011)
compvss:build:     at nM (/Users/julianclarkson/Documents/Dragonflyone/node_modules/.pnpm/next@14.2.34_@babel+core@7.28.5_@opentelemetry+api@1.9.0_@playwright+test@1.56.1_react-dom@18_7hgdyk63qyoywe26j4c7wzx2ra/node_modules/next/dist/compiled/next-server/app-page.runtime.prod.js:12:47718)
compvss:build:     at nM (/Users/julianclarkson/Documents/Dragonflyone/node_modules/.pnpm/next@14.2.34_@babel+core@7.28.5_@opentelemetry+api@1.9.0_@playwright+test@1.56.1_react-dom@18_7hgdyk63qyoywe26j4c7wzx2ra/node_modules/next/dist/compiled/next-server/app-page.runtime.prod.js:12:61547)
compvss:build:  ⚠ Entire page "/opportunities/proposals" deopted into client-side rendering due to "useSearchParams()". Read more: https://nextjs.org/docs/messages/deopted-into-client-rendering
compvss:build:     at n (/Users/julianclarkson/Documents/Dragonflyone/apps/compvss/.next/server/chunks/6939.js:41:676431)
compvss:build:     at h (/Users/julianclarkson/Documents/Dragonflyone/apps/compvss/.next/server/chunks/6939.js:41:687416)
compvss:build:     at m (/Users/julianclarkson/Documents/Dragonflyone/apps/compvss/.next/server/chunks/8072.js:10:4905)
compvss:build:     at d (/Users/julianclarkson/Documents/Dragonflyone/apps/compvss/.next/server/app/opportunities/proposals/page.js:1:2560)
compvss:build:     at nj (/Users/julianclarkson/Documents/Dragonflyone/node_modules/.pnpm/next@14.2.34_@babel+core@7.28.5_@opentelemetry+api@1.9.0_@playwright+test@1.56.1_react-dom@18_7hgdyk63qyoywe26j4c7wzx2ra/node_modules/next/dist/compiled/next-server/app-page.runtime.prod.js:12:46252)
compvss:build:     at nM (/Users/julianclarkson/Documents/Dragonflyone/node_modules/.pnpm/next@14.2.34_@babel+core@7.28.5_@opentelemetry+api@1.9.0_@playwright+test@1.56.1_react-dom@18_7hgdyk63qyoywe26j4c7wzx2ra/node_modules/next/dist/compiled/next-server/app-page.runtime.prod.js:12:47572)
compvss:build:     at nL (/Users/julianclarkson/Documents/Dragonflyone/node_modules/.pnpm/next@14.2.34_@babel+core@7.28.5_@opentelemetry+api@1.9.0_@playwright+test@1.56.1_react-dom@18_7hgdyk63qyoywe26j4c7wzx2ra/node_modules/next/dist/compiled/next-server/app-page.runtime.prod.js:12:64547)
compvss:build:     at nI (/Users/julianclarkson/Documents/Dragonflyone/node_modules/.pnpm/next@14.2.34_@babel+core@7.28.5_@opentelemetry+api@1.9.0_@playwright+test@1.56.1_react-dom@18_7hgdyk63qyoywe26j4c7wzx2ra/node_modules/next/dist/compiled/next-server/app-page.runtime.prod.js:12:47011)
compvss:build:     at nM (/Users/julianclarkson/Documents/Dragonflyone/node_modules/.pnpm/next@14.2.34_@babel+core@7.28.5_@opentelemetry+api@1.9.0_@playwright+test@1.56.1_react-dom@18_7hgdyk63qyoywe26j4c7wzx2ra/node_modules/next/dist/compiled/next-server/app-page.runtime.prod.js:12:47718)
compvss:build:     at nM (/Users/julianclarkson/Documents/Dragonflyone/node_modules/.pnpm/next@14.2.34_@babel+core@7.28.5_@opentelemetry+api@1.9.0_@playwright+test@1.56.1_react-dom@18_7hgdyk63qyoywe26j4c7wzx2ra/node_modules/next/dist/compiled/next-server/app-page.runtime.prod.js:12:61547)
compvss:build:  ⚠ Entire page "/opportunities" deopted into client-side rendering due to "useSearchParams()". Read more: https://nextjs.org/docs/messages/deopted-into-client-rendering
compvss:build:     at n (/Users/julianclarkson/Documents/Dragonflyone/apps/compvss/.next/server/chunks/6939.js:41:676431)
compvss:build:     at h (/Users/julianclarkson/Documents/Dragonflyone/apps/compvss/.next/server/chunks/6939.js:41:687416)
compvss:build:     at m (/Users/julianclarkson/Documents/Dragonflyone/apps/compvss/.next/server/chunks/8072.js:10:4905)
compvss:build:     at h (/Users/julianclarkson/Documents/Dragonflyone/apps/compvss/.next/server/app/opportunities/page.js:1:2507)
compvss:build:     at nj (/Users/julianclarkson/Documents/Dragonflyone/node_modules/.pnpm/next@14.2.34_@babel+core@7.28.5_@opentelemetry+api@1.9.0_@playwright+test@1.56.1_react-dom@18_7hgdyk63qyoywe26j4c7wzx2ra/node_modules/next/dist/compiled/next-server/app-page.runtime.prod.js:12:46252)
compvss:build:     at nM (/Users/julianclarkson/Documents/Dragonflyone/node_modules/.pnpm/next@14.2.34_@babel+core@7.28.5_@opentelemetry+api@1.9.0_@playwright+test@1.56.1_react-dom@18_7hgdyk63qyoywe26j4c7wzx2ra/node_modules/next/dist/compiled/next-server/app-page.runtime.prod.js:12:47572)
compvss:build:     at nL (/Users/julianclarkson/Documents/Dragonflyone/node_modules/.pnpm/next@14.2.34_@babel+core@7.28.5_@opentelemetry+api@1.9.0_@playwright+test@1.56.1_react-dom@18_7hgdyk63qyoywe26j4c7wzx2ra/node_modules/next/dist/compiled/next-server/app-page.runtime.prod.js:12:64547)
compvss:build:     at nI (/Users/julianclarkson/Documents/Dragonflyone/node_modules/.pnpm/next@14.2.34_@babel+core@7.28.5_@opentelemetry+api@1.9.0_@playwright+test@1.56.1_react-dom@18_7hgdyk63qyoywe26j4c7wzx2ra/node_modules/next/dist/compiled/next-server/app-page.runtime.prod.js:12:47011)
compvss:build:     at nM (/Users/julianclarkson/Documents/Dragonflyone/node_modules/.pnpm/next@14.2.34_@babel+core@7.28.5_@opentelemetry+api@1.9.0_@playwright+test@1.56.1_react-dom@18_7hgdyk63qyoywe26j4c7wzx2ra/node_modules/next/dist/compiled/next-server/app-page.runtime.prod.js:12:47718)
compvss:build:     at nM (/Users/julianclarkson/Documents/Dragonflyone/node_modules/.pnpm/next@14.2.34_@babel+core@7.28.5_@opentelemetry+api@1.9.0_@playwright+test@1.56.1_react-dom@18_7hgdyk63qyoywe26j4c7wzx2ra/node_modules/next/dist/compiled/next-server/app-page.runtime.prod.js:12:61547)
compvss:build:  ⚠ Entire page "/opportunities/mobile" deopted into client-side rendering due to "useSearchParams()". Read more: https://nextjs.org/docs/messages/deopted-into-client-rendering
compvss:build:     at n (/Users/julianclarkson/Documents/Dragonflyone/apps/compvss/.next/server/chunks/6939.js:41:676431)
compvss:build:     at h (/Users/julianclarkson/Documents/Dragonflyone/apps/compvss/.next/server/chunks/6939.js:41:687416)
compvss:build:     at m (/Users/julianclarkson/Documents/Dragonflyone/apps/compvss/.next/server/chunks/8072.js:10:4905)
compvss:build:     at d (/Users/julianclarkson/Documents/Dragonflyone/apps/compvss/.next/server/app/opportunities/mobile/page.js:1:2530)
compvss:build:     at nj (/Users/julianclarkson/Documents/Dragonflyone/node_modules/.pnpm/next@14.2.34_@babel+core@7.28.5_@opentelemetry+api@1.9.0_@playwright+test@1.56.1_react-dom@18_7hgdyk63qyoywe26j4c7wzx2ra/node_modules/next/dist/compiled/next-server/app-page.runtime.prod.js:12:46252)
compvss:build:     at nM (/Users/julianclarkson/Documents/Dragonflyone/node_modules/.pnpm/next@14.2.34_@babel+core@7.28.5_@opentelemetry+api@1.9.0_@playwright+test@1.56.1_react-dom@18_7hgdyk63qyoywe26j4c7wzx2ra/node_modules/next/dist/compiled/next-server/app-page.runtime.prod.js:12:47572)
compvss:build:     at nL (/Users/julianclarkson/Documents/Dragonflyone/node_modules/.pnpm/next@14.2.34_@babel+core@7.28.5_@opentelemetry+api@1.9.0_@playwright+test@1.56.1_react-dom@18_7hgdyk63qyoywe26j4c7wzx2ra/node_modules/next/dist/compiled/next-server/app-page.runtime.prod.js:12:64547)
compvss:build:     at nI (/Users/julianclarkson/Documents/Dragonflyone/node_modules/.pnpm/next@14.2.34_@babel+core@7.28.5_@opentelemetry+api@1.9.0_@playwright+test@1.56.1_react-dom@18_7hgdyk63qyoywe26j4c7wzx2ra/node_modules/next/dist/compiled/next-server/app-page.runtime.prod.js:12:47011)
compvss:build:     at nM (/Users/julianclarkson/Documents/Dragonflyone/node_modules/.pnpm/next@14.2.34_@babel+core@7.28.5_@opentelemetry+api@1.9.0_@playwright+test@1.56.1_react-dom@18_7hgdyk63qyoywe26j4c7wzx2ra/node_modules/next/dist/compiled/next-server/app-page.runtime.prod.js:12:47718)
compvss:build:     at nM (/Users/julianclarkson/Documents/Dragonflyone/node_modules/.pnpm/next@14.2.34_@babel+core@7.28.5_@opentelemetry+api@1.9.0_@playwright+test@1.56.1_react-dom@18_7hgdyk63qyoywe26j4c7wzx2ra/node_modules/next/dist/compiled/next-server/app-page.runtime.prod.js:12:61547)
compvss:build:  ⚠ Entire page "/opportunities/bid-decision" deopted into client-side rendering due to "useSearchParams()". Read more: https://nextjs.org/docs/messages/deopted-into-client-rendering
compvss:build:     at n (/Users/julianclarkson/Documents/Dragonflyone/apps/compvss/.next/server/chunks/6939.js:41:676431)
compvss:build:     at h (/Users/julianclarkson/Documents/Dragonflyone/apps/compvss/.next/server/chunks/6939.js:41:687416)
compvss:build:     at m (/Users/julianclarkson/Documents/Dragonflyone/apps/compvss/.next/server/chunks/8072.js:10:4905)
compvss:build:     at d (/Users/julianclarkson/Documents/Dragonflyone/apps/compvss/.next/server/app/opportunities/bid-decision/page.js:1:2578)
compvss:build:     at nj (/Users/julianclarkson/Documents/Dragonflyone/node_modules/.pnpm/next@14.2.34_@babel+core@7.28.5_@opentelemetry+api@1.9.0_@playwright+test@1.56.1_react-dom@18_7hgdyk63qyoywe26j4c7wzx2ra/node_modules/next/dist/compiled/next-server/app-page.runtime.prod.js:12:46252)
compvss:build:     at nM (/Users/julianclarkson/Documents/Dragonflyone/node_modules/.pnpm/next@14.2.34_@babel+core@7.28.5_@opentelemetry+api@1.9.0_@playwright+test@1.56.1_react-dom@18_7hgdyk63qyoywe26j4c7wzx2ra/node_modules/next/dist/compiled/next-server/app-page.runtime.prod.js:12:47572)
compvss:build:     at nL (/Users/julianclarkson/Documents/Dragonflyone/node_modules/.pnpm/next@14.2.34_@babel+core@7.28.5_@opentelemetry+api@1.9.0_@playwright+test@1.56.1_react-dom@18_7hgdyk63qyoywe26j4c7wzx2ra/node_modules/next/dist/compiled/next-server/app-page.runtime.prod.js:12:64547)
compvss:build:     at nI (/Users/julianclarkson/Documents/Dragonflyone/node_modules/.pnpm/next@14.2.34_@babel+core@7.28.5_@opentelemetry+api@1.9.0_@playwright+test@1.56.1_react-dom@18_7hgdyk63qyoywe26j4c7wzx2ra/node_modules/next/dist/compiled/next-server/app-page.runtime.prod.js:12:47011)
compvss:build:     at nM (/Users/julianclarkson/Documents/Dragonflyone/node_modules/.pnpm/next@14.2.34_@babel+core@7.28.5_@opentelemetry+api@1.9.0_@playwright+test@1.56.1_react-dom@18_7hgdyk63qyoywe26j4c7wzx2ra/node_modules/next/dist/compiled/next-server/app-page.runtime.prod.js:12:47718)
compvss:build:     at nM (/Users/julianclarkson/Documents/Dragonflyone/node_modules/.pnpm/next@14.2.34_@babel+core@7.28.5_@opentelemetry+api@1.9.0_@playwright+test@1.56.1_react-dom@18_7hgdyk63qyoywe26j4c7wzx2ra/node_modules/next/dist/compiled/next-server/app-page.runtime.prod.js:12:61547)
compvss:build:  ⚠ Entire page "/photo-documentation" deopted into client-side rendering due to "useSearchParams()". Read more: https://nextjs.org/docs/messages/deopted-into-client-rendering
compvss:build:     at n (/Users/julianclarkson/Documents/Dragonflyone/apps/compvss/.next/server/chunks/6939.js:41:676431)
compvss:build:     at h (/Users/julianclarkson/Documents/Dragonflyone/apps/compvss/.next/server/chunks/6939.js:41:687416)
compvss:build:     at m (/Users/julianclarkson/Documents/Dragonflyone/apps/compvss/.next/server/chunks/8072.js:10:4905)
compvss:build:     at p (/Users/julianclarkson/Documents/Dragonflyone/apps/compvss/.next/server/app/photo-documentation/page.js:1:2582)
compvss:build:     at nj (/Users/julianclarkson/Documents/Dragonflyone/node_modules/.pnpm/next@14.2.34_@babel+core@7.28.5_@opentelemetry+api@1.9.0_@playwright+test@1.56.1_react-dom@18_7hgdyk63qyoywe26j4c7wzx2ra/node_modules/next/dist/compiled/next-server/app-page.runtime.prod.js:12:46252)
compvss:build:     at nM (/Users/julianclarkson/Documents/Dragonflyone/node_modules/.pnpm/next@14.2.34_@babel+core@7.28.5_@opentelemetry+api@1.9.0_@playwright+test@1.56.1_react-dom@18_7hgdyk63qyoywe26j4c7wzx2ra/node_modules/next/dist/compiled/next-server/app-page.runtime.prod.js:12:47572)
compvss:build:     at nL (/Users/julianclarkson/Documents/Dragonflyone/node_modules/.pnpm/next@14.2.34_@babel+core@7.28.5_@opentelemetry+api@1.9.0_@playwright+test@1.56.1_react-dom@18_7hgdyk63qyoywe26j4c7wzx2ra/node_modules/next/dist/compiled/next-server/app-page.runtime.prod.js:12:64547)
compvss:build:     at nI (/Users/julianclarkson/Documents/Dragonflyone/node_modules/.pnpm/next@14.2.34_@babel+core@7.28.5_@opentelemetry+api@1.9.0_@playwright+test@1.56.1_react-dom@18_7hgdyk63qyoywe26j4c7wzx2ra/node_modules/next/dist/compiled/next-server/app-page.runtime.prod.js:12:47011)
compvss:build:     at nM (/Users/julianclarkson/Documents/Dragonflyone/node_modules/.pnpm/next@14.2.34_@babel+core@7.28.5_@opentelemetry+api@1.9.0_@playwright+test@1.56.1_react-dom@18_7hgdyk63qyoywe26j4c7wzx2ra/node_modules/next/dist/compiled/next-server/app-page.runtime.prod.js:12:47718)
compvss:build:     at nM (/Users/julianclarkson/Documents/Dragonflyone/node_modules/.pnpm/next@14.2.34_@babel+core@7.28.5_@opentelemetry+api@1.9.0_@playwright+test@1.56.1_react-dom@18_7hgdyk63qyoywe26j4c7wzx2ra/node_modules/next/dist/compiled/next-server/app-page.runtime.prod.js:12:61547)
compvss:build:  ⚠ Entire page "/qa-checkpoints" deopted into client-side rendering due to "useSearchParams()". Read more: https://nextjs.org/docs/messages/deopted-into-client-rendering
compvss:build:     at n (/Users/julianclarkson/Documents/Dragonflyone/apps/compvss/.next/server/chunks/6939.js:41:676431)
compvss:build:     at h (/Users/julianclarkson/Documents/Dragonflyone/apps/compvss/.next/server/chunks/6939.js:41:687416)
compvss:build:     at m (/Users/julianclarkson/Documents/Dragonflyone/apps/compvss/.next/server/chunks/8072.js:10:4905)
compvss:build:     at d (/Users/julianclarkson/Documents/Dragonflyone/apps/compvss/.next/server/app/qa-checkpoints/page.js:1:2487)
compvss:build:     at nj (/Users/julianclarkson/Documents/Dragonflyone/node_modules/.pnpm/next@14.2.34_@babel+core@7.28.5_@opentelemetry+api@1.9.0_@playwright+test@1.56.1_react-dom@18_7hgdyk63qyoywe26j4c7wzx2ra/node_modules/next/dist/compiled/next-server/app-page.runtime.prod.js:12:46252)
compvss:build:     at nM (/Users/julianclarkson/Documents/Dragonflyone/node_modules/.pnpm/next@14.2.34_@babel+core@7.28.5_@opentelemetry+api@1.9.0_@playwright+test@1.56.1_react-dom@18_7hgdyk63qyoywe26j4c7wzx2ra/node_modules/next/dist/compiled/next-server/app-page.runtime.prod.js:12:47572)
compvss:build:     at nL (/Users/julianclarkson/Documents/Dragonflyone/node_modules/.pnpm/next@14.2.34_@babel+core@7.28.5_@opentelemetry+api@1.9.0_@playwright+test@1.56.1_react-dom@18_7hgdyk63qyoywe26j4c7wzx2ra/node_modules/next/dist/compiled/next-server/app-page.runtime.prod.js:12:64547)
compvss:build:     at nI (/Users/julianclarkson/Documents/Dragonflyone/node_modules/.pnpm/next@14.2.34_@babel+core@7.28.5_@opentelemetry+api@1.9.0_@playwright+test@1.56.1_react-dom@18_7hgdyk63qyoywe26j4c7wzx2ra/node_modules/next/dist/compiled/next-server/app-page.runtime.prod.js:12:47011)
compvss:build:     at nM (/Users/julianclarkson/Documents/Dragonflyone/node_modules/.pnpm/next@14.2.34_@babel+core@7.28.5_@opentelemetry+api@1.9.0_@playwright+test@1.56.1_react-dom@18_7hgdyk63qyoywe26j4c7wzx2ra/node_modules/next/dist/compiled/next-server/app-page.runtime.prod.js:12:47718)
compvss:build:     at nM (/Users/julianclarkson/Documents/Dragonflyone/node_modules/.pnpm/next@14.2.34_@babel+core@7.28.5_@opentelemetry+api@1.9.0_@playwright+test@1.56.1_react-dom@18_7hgdyk63qyoywe26j4c7wzx2ra/node_modules/next/dist/compiled/next-server/app-page.runtime.prod.js:12:61547)
compvss:build:  ⚠ Entire page "/settlement" deopted into client-side rendering due to "useSearchParams()". Read more: https://nextjs.org/docs/messages/deopted-into-client-rendering
compvss:build:     at n (/Users/julianclarkson/Documents/Dragonflyone/apps/compvss/.next/server/chunks/6939.js:41:676431)
compvss:build:     at h (/Users/julianclarkson/Documents/Dragonflyone/apps/compvss/.next/server/chunks/6939.js:41:687416)
compvss:build:     at m (/Users/julianclarkson/Documents/Dragonflyone/apps/compvss/.next/server/chunks/8072.js:10:4905)
compvss:build:     at d (/Users/julianclarkson/Documents/Dragonflyone/apps/compvss/.next/server/app/settlement/page.js:1:2464)
compvss:build:     at nj (/Users/julianclarkson/Documents/Dragonflyone/node_modules/.pnpm/next@14.2.34_@babel+core@7.28.5_@opentelemetry+api@1.9.0_@playwright+test@1.56.1_react-dom@18_7hgdyk63qyoywe26j4c7wzx2ra/node_modules/next/dist/compiled/next-server/app-page.runtime.prod.js:12:46252)
compvss:build:     at nM (/Users/julianclarkson/Documents/Dragonflyone/node_modules/.pnpm/next@14.2.34_@babel+core@7.28.5_@opentelemetry+api@1.9.0_@playwright+test@1.56.1_react-dom@18_7hgdyk63qyoywe26j4c7wzx2ra/node_modules/next/dist/compiled/next-server/app-page.runtime.prod.js:12:47572)
compvss:build:     at nL (/Users/julianclarkson/Documents/Dragonflyone/node_modules/.pnpm/next@14.2.34_@babel+core@7.28.5_@opentelemetry+api@1.9.0_@playwright+test@1.56.1_react-dom@18_7hgdyk63qyoywe26j4c7wzx2ra/node_modules/next/dist/compiled/next-server/app-page.runtime.prod.js:12:64547)
compvss:build:     at nI (/Users/julianclarkson/Documents/Dragonflyone/node_modules/.pnpm/next@14.2.34_@babel+core@7.28.5_@opentelemetry+api@1.9.0_@playwright+test@1.56.1_react-dom@18_7hgdyk63qyoywe26j4c7wzx2ra/node_modules/next/dist/compiled/next-server/app-page.runtime.prod.js:12:47011)
compvss:build:     at nM (/Users/julianclarkson/Documents/Dragonflyone/node_modules/.pnpm/next@14.2.34_@babel+core@7.28.5_@opentelemetry+api@1.9.0_@playwright+test@1.56.1_react-dom@18_7hgdyk63qyoywe26j4c7wzx2ra/node_modules/next/dist/compiled/next-server/app-page.runtime.prod.js:12:47718)
compvss:build:     at nM (/Users/julianclarkson/Documents/Dragonflyone/node_modules/.pnpm/next@14.2.34_@babel+core@7.28.5_@opentelemetry+api@1.9.0_@playwright+test@1.56.1_react-dom@18_7hgdyk63qyoywe26j4c7wzx2ra/node_modules/next/dist/compiled/next-server/app-page.runtime.prod.js:12:61547)
compvss:build:  ⚠ Entire page "/show-call" deopted into client-side rendering due to "useSearchParams()". Read more: https://nextjs.org/docs/messages/deopted-into-client-rendering
compvss:build:     at n (/Users/julianclarkson/Documents/Dragonflyone/apps/compvss/.next/server/chunks/6939.js:41:676431)
compvss:build:     at h (/Users/julianclarkson/Documents/Dragonflyone/apps/compvss/.next/server/chunks/6939.js:41:687416)
compvss:build:     at m (/Users/julianclarkson/Documents/Dragonflyone/apps/compvss/.next/server/chunks/8072.js:10:4905)
compvss:build:     at d (/Users/julianclarkson/Documents/Dragonflyone/apps/compvss/.next/server/app/show-call/page.js:1:2458)
compvss:build:     at nj (/Users/julianclarkson/Documents/Dragonflyone/node_modules/.pnpm/next@14.2.34_@babel+core@7.28.5_@opentelemetry+api@1.9.0_@playwright+test@1.56.1_react-dom@18_7hgdyk63qyoywe26j4c7wzx2ra/node_modules/next/dist/compiled/next-server/app-page.runtime.prod.js:12:46252)
compvss:build:     at nM (/Users/julianclarkson/Documents/Dragonflyone/node_modules/.pnpm/next@14.2.34_@babel+core@7.28.5_@opentelemetry+api@1.9.0_@playwright+test@1.56.1_react-dom@18_7hgdyk63qyoywe26j4c7wzx2ra/node_modules/next/dist/compiled/next-server/app-page.runtime.prod.js:12:47572)
compvss:build:     at nL (/Users/julianclarkson/Documents/Dragonflyone/node_modules/.pnpm/next@14.2.34_@babel+core@7.28.5_@opentelemetry+api@1.9.0_@playwright+test@1.56.1_react-dom@18_7hgdyk63qyoywe26j4c7wzx2ra/node_modules/next/dist/compiled/next-server/app-page.runtime.prod.js:12:64547)
compvss:build:     at nI (/Users/julianclarkson/Documents/Dragonflyone/node_modules/.pnpm/next@14.2.34_@babel+core@7.28.5_@opentelemetry+api@1.9.0_@playwright+test@1.56.1_react-dom@18_7hgdyk63qyoywe26j4c7wzx2ra/node_modules/next/dist/compiled/next-server/app-page.runtime.prod.js:12:47011)
compvss:build:     at nM (/Users/julianclarkson/Documents/Dragonflyone/node_modules/.pnpm/next@14.2.34_@babel+core@7.28.5_@opentelemetry+api@1.9.0_@playwright+test@1.56.1_react-dom@18_7hgdyk63qyoywe26j4c7wzx2ra/node_modules/next/dist/compiled/next-server/app-page.runtime.prod.js:12:47718)
compvss:build:     at nM (/Users/julianclarkson/Documents/Dragonflyone/node_modules/.pnpm/next@14.2.34_@babel+core@7.28.5_@opentelemetry+api@1.9.0_@playwright+test@1.56.1_react-dom@18_7hgdyk63qyoywe26j4c7wzx2ra/node_modules/next/dist/compiled/next-server/app-page.runtime.prod.js:12:61547)
compvss:build:  ⚠ Entire page "/site-access" deopted into client-side rendering due to "useSearchParams()". Read more: https://nextjs.org/docs/messages/deopted-into-client-rendering
compvss:build:     at n (/Users/julianclarkson/Documents/Dragonflyone/apps/compvss/.next/server/chunks/6939.js:41:676431)
compvss:build:     at h (/Users/julianclarkson/Documents/Dragonflyone/apps/compvss/.next/server/chunks/6939.js:41:687416)
compvss:build:     at m (/Users/julianclarkson/Documents/Dragonflyone/apps/compvss/.next/server/chunks/8072.js:10:4905)
compvss:build:     at p (/Users/julianclarkson/Documents/Dragonflyone/apps/compvss/.next/server/app/site-access/page.js:1:2467)
compvss:build:     at nj (/Users/julianclarkson/Documents/Dragonflyone/node_modules/.pnpm/next@14.2.34_@babel+core@7.28.5_@opentelemetry+api@1.9.0_@playwright+test@1.56.1_react-dom@18_7hgdyk63qyoywe26j4c7wzx2ra/node_modules/next/dist/compiled/next-server/app-page.runtime.prod.js:12:46252)
compvss:build:     at nM (/Users/julianclarkson/Documents/Dragonflyone/node_modules/.pnpm/next@14.2.34_@babel+core@7.28.5_@opentelemetry+api@1.9.0_@playwright+test@1.56.1_react-dom@18_7hgdyk63qyoywe26j4c7wzx2ra/node_modules/next/dist/compiled/next-server/app-page.runtime.prod.js:12:47572)
compvss:build:     at nL (/Users/julianclarkson/Documents/Dragonflyone/node_modules/.pnpm/next@14.2.34_@babel+core@7.28.5_@opentelemetry+api@1.9.0_@playwright+test@1.56.1_react-dom@18_7hgdyk63qyoywe26j4c7wzx2ra/node_modules/next/dist/compiled/next-server/app-page.runtime.prod.js:12:64547)
compvss:build:     at nI (/Users/julianclarkson/Documents/Dragonflyone/node_modules/.pnpm/next@14.2.34_@babel+core@7.28.5_@opentelemetry+api@1.9.0_@playwright+test@1.56.1_react-dom@18_7hgdyk63qyoywe26j4c7wzx2ra/node_modules/next/dist/compiled/next-server/app-page.runtime.prod.js:12:47011)
compvss:build:     at nM (/Users/julianclarkson/Documents/Dragonflyone/node_modules/.pnpm/next@14.2.34_@babel+core@7.28.5_@opentelemetry+api@1.9.0_@playwright+test@1.56.1_react-dom@18_7hgdyk63qyoywe26j4c7wzx2ra/node_modules/next/dist/compiled/next-server/app-page.runtime.prod.js:12:47718)
compvss:build:     at nM (/Users/julianclarkson/Documents/Dragonflyone/node_modules/.pnpm/next@14.2.34_@babel+core@7.28.5_@opentelemetry+api@1.9.0_@playwright+test@1.56.1_react-dom@18_7hgdyk63qyoywe26j4c7wzx2ra/node_modules/next/dist/compiled/next-server/app-page.runtime.prod.js:12:61547)
compvss:build:  ⚠ Entire page "/set-times" deopted into client-side rendering due to "useSearchParams()". Read more: https://nextjs.org/docs/messages/deopted-into-client-rendering
compvss:build:     at n (/Users/julianclarkson/Documents/Dragonflyone/apps/compvss/.next/server/chunks/6939.js:41:676431)
compvss:build:     at h (/Users/julianclarkson/Documents/Dragonflyone/apps/compvss/.next/server/chunks/6939.js:41:687416)
compvss:build:     at m (/Users/julianclarkson/Documents/Dragonflyone/apps/compvss/.next/server/chunks/8072.js:10:4905)
compvss:build:     at o (/Users/julianclarkson/Documents/Dragonflyone/apps/compvss/.next/server/app/set-times/page.js:1:2446)
compvss:build:     at nj (/Users/julianclarkson/Documents/Dragonflyone/node_modules/.pnpm/next@14.2.34_@babel+core@7.28.5_@opentelemetry+api@1.9.0_@playwright+test@1.56.1_react-dom@18_7hgdyk63qyoywe26j4c7wzx2ra/node_modules/next/dist/compiled/next-server/app-page.runtime.prod.js:12:46252)
compvss:build:     at nM (/Users/julianclarkson/Documents/Dragonflyone/node_modules/.pnpm/next@14.2.34_@babel+core@7.28.5_@opentelemetry+api@1.9.0_@playwright+test@1.56.1_react-dom@18_7hgdyk63qyoywe26j4c7wzx2ra/node_modules/next/dist/compiled/next-server/app-page.runtime.prod.js:12:47572)
compvss:build:     at nL (/Users/julianclarkson/Documents/Dragonflyone/node_modules/.pnpm/next@14.2.34_@babel+core@7.28.5_@opentelemetry+api@1.9.0_@playwright+test@1.56.1_react-dom@18_7hgdyk63qyoywe26j4c7wzx2ra/node_modules/next/dist/compiled/next-server/app-page.runtime.prod.js:12:64547)
compvss:build:     at nI (/Users/julianclarkson/Documents/Dragonflyone/node_modules/.pnpm/next@14.2.34_@babel+core@7.28.5_@opentelemetry+api@1.9.0_@playwright+test@1.56.1_react-dom@18_7hgdyk63qyoywe26j4c7wzx2ra/node_modules/next/dist/compiled/next-server/app-page.runtime.prod.js:12:47011)
compvss:build:     at nM (/Users/julianclarkson/Documents/Dragonflyone/node_modules/.pnpm/next@14.2.34_@babel+core@7.28.5_@opentelemetry+api@1.9.0_@playwright+test@1.56.1_react-dom@18_7hgdyk63qyoywe26j4c7wzx2ra/node_modules/next/dist/compiled/next-server/app-page.runtime.prod.js:12:47718)
compvss:build:     at nM (/Users/julianclarkson/Documents/Dragonflyone/node_modules/.pnpm/next@14.2.34_@babel+core@7.28.5_@opentelemetry+api@1.9.0_@playwright+test@1.56.1_react-dom@18_7hgdyk63qyoywe26j4c7wzx2ra/node_modules/next/dist/compiled/next-server/app-page.runtime.prod.js:12:61547)
compvss:build:    Generating static pages (90/121) 
compvss:build:  ⚠ Entire page "/soundcheck" deopted into client-side rendering due to "useSearchParams()". Read more: https://nextjs.org/docs/messages/deopted-into-client-rendering
compvss:build:     at n (/Users/julianclarkson/Documents/Dragonflyone/apps/compvss/.next/server/chunks/6939.js:41:676431)
compvss:build:     at h (/Users/julianclarkson/Documents/Dragonflyone/apps/compvss/.next/server/chunks/6939.js:41:687416)
compvss:build:     at m (/Users/julianclarkson/Documents/Dragonflyone/apps/compvss/.next/server/chunks/8072.js:10:4905)
compvss:build:     at o (/Users/julianclarkson/Documents/Dragonflyone/apps/compvss/.next/server/app/soundcheck/page.js:1:2452)
compvss:build:     at nj (/Users/julianclarkson/Documents/Dragonflyone/node_modules/.pnpm/next@14.2.34_@babel+core@7.28.5_@opentelemetry+api@1.9.0_@playwright+test@1.56.1_react-dom@18_7hgdyk63qyoywe26j4c7wzx2ra/node_modules/next/dist/compiled/next-server/app-page.runtime.prod.js:12:46252)
compvss:build:     at nM (/Users/julianclarkson/Documents/Dragonflyone/node_modules/.pnpm/next@14.2.34_@babel+core@7.28.5_@opentelemetry+api@1.9.0_@playwright+test@1.56.1_react-dom@18_7hgdyk63qyoywe26j4c7wzx2ra/node_modules/next/dist/compiled/next-server/app-page.runtime.prod.js:12:47572)
compvss:build:     at nL (/Users/julianclarkson/Documents/Dragonflyone/node_modules/.pnpm/next@14.2.34_@babel+core@7.28.5_@opentelemetry+api@1.9.0_@playwright+test@1.56.1_react-dom@18_7hgdyk63qyoywe26j4c7wzx2ra/node_modules/next/dist/compiled/next-server/app-page.runtime.prod.js:12:64547)
compvss:build:     at nI (/Users/julianclarkson/Documents/Dragonflyone/node_modules/.pnpm/next@14.2.34_@babel+core@7.28.5_@opentelemetry+api@1.9.0_@playwright+test@1.56.1_react-dom@18_7hgdyk63qyoywe26j4c7wzx2ra/node_modules/next/dist/compiled/next-server/app-page.runtime.prod.js:12:47011)
compvss:build:     at nM (/Users/julianclarkson/Documents/Dragonflyone/node_modules/.pnpm/next@14.2.34_@babel+core@7.28.5_@opentelemetry+api@1.9.0_@playwright+test@1.56.1_react-dom@18_7hgdyk63qyoywe26j4c7wzx2ra/node_modules/next/dist/compiled/next-server/app-page.runtime.prod.js:12:47718)
compvss:build:     at nM (/Users/julianclarkson/Documents/Dragonflyone/node_modules/.pnpm/next@14.2.34_@babel+core@7.28.5_@opentelemetry+api@1.9.0_@playwright+test@1.56.1_react-dom@18_7hgdyk63qyoywe26j4c7wzx2ra/node_modules/next/dist/compiled/next-server/app-page.runtime.prod.js:12:61547)
compvss:build:  ⚠ Entire page "/stakeholder-portal" deopted into client-side rendering due to "useSearchParams()". Read more: https://nextjs.org/docs/messages/deopted-into-client-rendering
compvss:build:     at n (/Users/julianclarkson/Documents/Dragonflyone/apps/compvss/.next/server/chunks/6939.js:41:676431)
compvss:build:     at h (/Users/julianclarkson/Documents/Dragonflyone/apps/compvss/.next/server/chunks/6939.js:41:687416)
compvss:build:     at m (/Users/julianclarkson/Documents/Dragonflyone/apps/compvss/.next/server/chunks/8072.js:10:4905)
compvss:build:     at p (/Users/julianclarkson/Documents/Dragonflyone/apps/compvss/.next/server/app/stakeholder-portal/page.js:1:2505)
compvss:build:     at nj (/Users/julianclarkson/Documents/Dragonflyone/node_modules/.pnpm/next@14.2.34_@babel+core@7.28.5_@opentelemetry+api@1.9.0_@playwright+test@1.56.1_react-dom@18_7hgdyk63qyoywe26j4c7wzx2ra/node_modules/next/dist/compiled/next-server/app-page.runtime.prod.js:12:46252)
compvss:build:     at nM (/Users/julianclarkson/Documents/Dragonflyone/node_modules/.pnpm/next@14.2.34_@babel+core@7.28.5_@opentelemetry+api@1.9.0_@playwright+test@1.56.1_react-dom@18_7hgdyk63qyoywe26j4c7wzx2ra/node_modules/next/dist/compiled/next-server/app-page.runtime.prod.js:12:47572)
compvss:build:     at nL (/Users/julianclarkson/Documents/Dragonflyone/node_modules/.pnpm/next@14.2.34_@babel+core@7.28.5_@opentelemetry+api@1.9.0_@playwright+test@1.56.1_react-dom@18_7hgdyk63qyoywe26j4c7wzx2ra/node_modules/next/dist/compiled/next-server/app-page.runtime.prod.js:12:64547)
compvss:build:     at nI (/Users/julianclarkson/Documents/Dragonflyone/node_modules/.pnpm/next@14.2.34_@babel+core@7.28.5_@opentelemetry+api@1.9.0_@playwright+test@1.56.1_react-dom@18_7hgdyk63qyoywe26j4c7wzx2ra/node_modules/next/dist/compiled/next-server/app-page.runtime.prod.js:12:47011)
compvss:build:     at nM (/Users/julianclarkson/Documents/Dragonflyone/node_modules/.pnpm/next@14.2.34_@babel+core@7.28.5_@opentelemetry+api@1.9.0_@playwright+test@1.56.1_react-dom@18_7hgdyk63qyoywe26j4c7wzx2ra/node_modules/next/dist/compiled/next-server/app-page.runtime.prod.js:12:47718)
compvss:build:     at nM (/Users/julianclarkson/Documents/Dragonflyone/node_modules/.pnpm/next@14.2.34_@babel+core@7.28.5_@opentelemetry+api@1.9.0_@playwright+test@1.56.1_react-dom@18_7hgdyk63qyoywe26j4c7wzx2ra/node_modules/next/dist/compiled/next-server/app-page.runtime.prod.js:12:61547)
compvss:build:  ⚠ Entire page "/social-amplification" deopted into client-side rendering due to "useSearchParams()". Read more: https://nextjs.org/docs/messages/deopted-into-client-rendering
compvss:build:     at n (/Users/julianclarkson/Documents/Dragonflyone/apps/compvss/.next/server/chunks/6939.js:41:676431)
compvss:build:     at h (/Users/julianclarkson/Documents/Dragonflyone/apps/compvss/.next/server/chunks/6939.js:41:687416)
compvss:build:     at m (/Users/julianclarkson/Documents/Dragonflyone/apps/compvss/.next/server/chunks/8072.js:10:4905)
compvss:build:     at x (/Users/julianclarkson/Documents/Dragonflyone/apps/compvss/.next/server/app/social-amplification/page.js:1:2523)
compvss:build:     at nj (/Users/julianclarkson/Documents/Dragonflyone/node_modules/.pnpm/next@14.2.34_@babel+core@7.28.5_@opentelemetry+api@1.9.0_@playwright+test@1.56.1_react-dom@18_7hgdyk63qyoywe26j4c7wzx2ra/node_modules/next/dist/compiled/next-server/app-page.runtime.prod.js:12:46252)
compvss:build:     at nM (/Users/julianclarkson/Documents/Dragonflyone/node_modules/.pnpm/next@14.2.34_@babel+core@7.28.5_@opentelemetry+api@1.9.0_@playwright+test@1.56.1_react-dom@18_7hgdyk63qyoywe26j4c7wzx2ra/node_modules/next/dist/compiled/next-server/app-page.runtime.prod.js:12:47572)
compvss:build:     at nL (/Users/julianclarkson/Documents/Dragonflyone/node_modules/.pnpm/next@14.2.34_@babel+core@7.28.5_@opentelemetry+api@1.9.0_@playwright+test@1.56.1_react-dom@18_7hgdyk63qyoywe26j4c7wzx2ra/node_modules/next/dist/compiled/next-server/app-page.runtime.prod.js:12:64547)
compvss:build:     at nI (/Users/julianclarkson/Documents/Dragonflyone/node_modules/.pnpm/next@14.2.34_@babel+core@7.28.5_@opentelemetry+api@1.9.0_@playwright+test@1.56.1_react-dom@18_7hgdyk63qyoywe26j4c7wzx2ra/node_modules/next/dist/compiled/next-server/app-page.runtime.prod.js:12:47011)
compvss:build:     at nM (/Users/julianclarkson/Documents/Dragonflyone/node_modules/.pnpm/next@14.2.34_@babel+core@7.28.5_@opentelemetry+api@1.9.0_@playwright+test@1.56.1_react-dom@18_7hgdyk63qyoywe26j4c7wzx2ra/node_modules/next/dist/compiled/next-server/app-page.runtime.prod.js:12:47718)
compvss:build:     at nM (/Users/julianclarkson/Documents/Dragonflyone/node_modules/.pnpm/next@14.2.34_@babel+core@7.28.5_@opentelemetry+api@1.9.0_@playwright+test@1.56.1_react-dom@18_7hgdyk63qyoywe26j4c7wzx2ra/node_modules/next/dist/compiled/next-server/app-page.runtime.prod.js:12:61547)
compvss:build:  ⚠ Entire page "/advancing" deopted into client-side rendering due to "useSearchParams()". Read more: https://nextjs.org/docs/messages/deopted-into-client-rendering
compvss:build:     at n (/Users/julianclarkson/Documents/Dragonflyone/apps/compvss/.next/server/chunks/6939.js:41:676431)
compvss:build:     at h (/Users/julianclarkson/Documents/Dragonflyone/apps/compvss/.next/server/chunks/6939.js:41:687416)
compvss:build:     at m (/Users/julianclarkson/Documents/Dragonflyone/apps/compvss/.next/server/chunks/8072.js:10:4905)
compvss:build:     at u (/Users/julianclarkson/Documents/Dragonflyone/apps/compvss/.next/server/app/advancing/page.js:1:4814)
compvss:build:     at nj (/Users/julianclarkson/Documents/Dragonflyone/node_modules/.pnpm/next@14.2.34_@babel+core@7.28.5_@opentelemetry+api@1.9.0_@playwright+test@1.56.1_react-dom@18_7hgdyk63qyoywe26j4c7wzx2ra/node_modules/next/dist/compiled/next-server/app-page.runtime.prod.js:12:46252)
compvss:build:     at nM (/Users/julianclarkson/Documents/Dragonflyone/node_modules/.pnpm/next@14.2.34_@babel+core@7.28.5_@opentelemetry+api@1.9.0_@playwright+test@1.56.1_react-dom@18_7hgdyk63qyoywe26j4c7wzx2ra/node_modules/next/dist/compiled/next-server/app-page.runtime.prod.js:12:47572)
compvss:build:     at nL (/Users/julianclarkson/Documents/Dragonflyone/node_modules/.pnpm/next@14.2.34_@babel+core@7.28.5_@opentelemetry+api@1.9.0_@playwright+test@1.56.1_react-dom@18_7hgdyk63qyoywe26j4c7wzx2ra/node_modules/next/dist/compiled/next-server/app-page.runtime.prod.js:12:64547)
compvss:build:     at nI (/Users/julianclarkson/Documents/Dragonflyone/node_modules/.pnpm/next@14.2.34_@babel+core@7.28.5_@opentelemetry+api@1.9.0_@playwright+test@1.56.1_react-dom@18_7hgdyk63qyoywe26j4c7wzx2ra/node_modules/next/dist/compiled/next-server/app-page.runtime.prod.js:12:47011)
compvss:build:     at nM (/Users/julianclarkson/Documents/Dragonflyone/node_modules/.pnpm/next@14.2.34_@babel+core@7.28.5_@opentelemetry+api@1.9.0_@playwright+test@1.56.1_react-dom@18_7hgdyk63qyoywe26j4c7wzx2ra/node_modules/next/dist/compiled/next-server/app-page.runtime.prod.js:12:47718)
compvss:build:     at nM (/Users/julianclarkson/Documents/Dragonflyone/node_modules/.pnpm/next@14.2.34_@babel+core@7.28.5_@opentelemetry+api@1.9.0_@playwright+test@1.56.1_react-dom@18_7hgdyk63qyoywe26j4c7wzx2ra/node_modules/next/dist/compiled/next-server/app-page.runtime.prod.js:12:61547)
compvss:build:  ⚠ Entire page "/tech-rehearsal" deopted into client-side rendering due to "useSearchParams()". Read more: https://nextjs.org/docs/messages/deopted-into-client-rendering
compvss:build:     at n (/Users/julianclarkson/Documents/Dragonflyone/apps/compvss/.next/server/chunks/6939.js:41:676431)
compvss:build:     at h (/Users/julianclarkson/Documents/Dragonflyone/apps/compvss/.next/server/chunks/6939.js:41:687416)
compvss:build:     at m (/Users/julianclarkson/Documents/Dragonflyone/apps/compvss/.next/server/chunks/8072.js:10:4905)
compvss:build:     at x (/Users/julianclarkson/Documents/Dragonflyone/apps/compvss/.next/server/app/tech-rehearsal/page.js:1:2479)
compvss:build:     at nj (/Users/julianclarkson/Documents/Dragonflyone/node_modules/.pnpm/next@14.2.34_@babel+core@7.28.5_@opentelemetry+api@1.9.0_@playwright+test@1.56.1_react-dom@18_7hgdyk63qyoywe26j4c7wzx2ra/node_modules/next/dist/compiled/next-server/app-page.runtime.prod.js:12:46252)
compvss:build:     at nM (/Users/julianclarkson/Documents/Dragonflyone/node_modules/.pnpm/next@14.2.34_@babel+core@7.28.5_@opentelemetry+api@1.9.0_@playwright+test@1.56.1_react-dom@18_7hgdyk63qyoywe26j4c7wzx2ra/node_modules/next/dist/compiled/next-server/app-page.runtime.prod.js:12:47572)
compvss:build:     at nL (/Users/julianclarkson/Documents/Dragonflyone/node_modules/.pnpm/next@14.2.34_@babel+core@7.28.5_@opentelemetry+api@1.9.0_@playwright+test@1.56.1_react-dom@18_7hgdyk63qyoywe26j4c7wzx2ra/node_modules/next/dist/compiled/next-server/app-page.runtime.prod.js:12:64547)
compvss:build:     at nI (/Users/julianclarkson/Documents/Dragonflyone/node_modules/.pnpm/next@14.2.34_@babel+core@7.28.5_@opentelemetry+api@1.9.0_@playwright+test@1.56.1_react-dom@18_7hgdyk63qyoywe26j4c7wzx2ra/node_modules/next/dist/compiled/next-server/app-page.runtime.prod.js:12:47011)
compvss:build:     at nM (/Users/julianclarkson/Documents/Dragonflyone/node_modules/.pnpm/next@14.2.34_@babel+core@7.28.5_@opentelemetry+api@1.9.0_@playwright+test@1.56.1_react-dom@18_7hgdyk63qyoywe26j4c7wzx2ra/node_modules/next/dist/compiled/next-server/app-page.runtime.prod.js:12:47718)
compvss:build:     at nM (/Users/julianclarkson/Documents/Dragonflyone/node_modules/.pnpm/next@14.2.34_@babel+core@7.28.5_@opentelemetry+api@1.9.0_@playwright+test@1.56.1_react-dom@18_7hgdyk63qyoywe26j4c7wzx2ra/node_modules/next/dist/compiled/next-server/app-page.runtime.prod.js:12:61547)
compvss:build:  ⚠ Entire page "/weather-contingency" deopted into client-side rendering due to "useSearchParams()". Read more: https://nextjs.org/docs/messages/deopted-into-client-rendering
compvss:build:     at n (/Users/julianclarkson/Documents/Dragonflyone/apps/compvss/.next/server/chunks/6939.js:41:676431)
compvss:build:     at h (/Users/julianclarkson/Documents/Dragonflyone/apps/compvss/.next/server/chunks/6939.js:41:687416)
compvss:build:     at m (/Users/julianclarkson/Documents/Dragonflyone/apps/compvss/.next/server/chunks/8072.js:10:4905)
compvss:build:     at d (/Users/julianclarkson/Documents/Dragonflyone/apps/compvss/.next/server/app/weather-contingency/page.js:1:2517)
compvss:build:     at nj (/Users/julianclarkson/Documents/Dragonflyone/node_modules/.pnpm/next@14.2.34_@babel+core@7.28.5_@opentelemetry+api@1.9.0_@playwright+test@1.56.1_react-dom@18_7hgdyk63qyoywe26j4c7wzx2ra/node_modules/next/dist/compiled/next-server/app-page.runtime.prod.js:12:46252)
compvss:build:     at nM (/Users/julianclarkson/Documents/Dragonflyone/node_modules/.pnpm/next@14.2.34_@babel+core@7.28.5_@opentelemetry+api@1.9.0_@playwright+test@1.56.1_react-dom@18_7hgdyk63qyoywe26j4c7wzx2ra/node_modules/next/dist/compiled/next-server/app-page.runtime.prod.js:12:47572)
compvss:build:     at nL (/Users/julianclarkson/Documents/Dragonflyone/node_modules/.pnpm/next@14.2.34_@babel+core@7.28.5_@opentelemetry+api@1.9.0_@playwright+test@1.56.1_react-dom@18_7hgdyk63qyoywe26j4c7wzx2ra/node_modules/next/dist/compiled/next-server/app-page.runtime.prod.js:12:64547)
compvss:build:     at nI (/Users/julianclarkson/Documents/Dragonflyone/node_modules/.pnpm/next@14.2.34_@babel+core@7.28.5_@opentelemetry+api@1.9.0_@playwright+test@1.56.1_react-dom@18_7hgdyk63qyoywe26j4c7wzx2ra/node_modules/next/dist/compiled/next-server/app-page.runtime.prod.js:12:47011)
compvss:build:     at nM (/Users/julianclarkson/Documents/Dragonflyone/node_modules/.pnpm/next@14.2.34_@babel+core@7.28.5_@opentelemetry+api@1.9.0_@playwright+test@1.56.1_react-dom@18_7hgdyk63qyoywe26j4c7wzx2ra/node_modules/next/dist/compiled/next-server/app-page.runtime.prod.js:12:47718)
compvss:build:     at nM (/Users/julianclarkson/Documents/Dragonflyone/node_modules/.pnpm/next@14.2.34_@babel+core@7.28.5_@opentelemetry+api@1.9.0_@playwright+test@1.56.1_react-dom@18_7hgdyk63qyoywe26j4c7wzx2ra/node_modules/next/dist/compiled/next-server/app-page.runtime.prod.js:12:61547)
compvss:build:  ⚠ Entire page "/risk-register" deopted into client-side rendering due to "useSearchParams()". Read more: https://nextjs.org/docs/messages/deopted-into-client-rendering
compvss:build:     at n (/Users/julianclarkson/Documents/Dragonflyone/apps/compvss/.next/server/chunks/6939.js:41:676431)
compvss:build:     at h (/Users/julianclarkson/Documents/Dragonflyone/apps/compvss/.next/server/chunks/6939.js:41:687416)
compvss:build:     at m (/Users/julianclarkson/Documents/Dragonflyone/apps/compvss/.next/server/chunks/8072.js:10:4905)
compvss:build:     at d (/Users/julianclarkson/Documents/Dragonflyone/apps/compvss/.next/server/app/risk-register/page.js:1:2482)
compvss:build:     at nj (/Users/julianclarkson/Documents/Dragonflyone/node_modules/.pnpm/next@14.2.34_@babel+core@7.28.5_@opentelemetry+api@1.9.0_@playwright+test@1.56.1_react-dom@18_7hgdyk63qyoywe26j4c7wzx2ra/node_modules/next/dist/compiled/next-server/app-page.runtime.prod.js:12:46252)
compvss:build:     at nM (/Users/julianclarkson/Documents/Dragonflyone/node_modules/.pnpm/next@14.2.34_@babel+core@7.28.5_@opentelemetry+api@1.9.0_@playwright+test@1.56.1_react-dom@18_7hgdyk63qyoywe26j4c7wzx2ra/node_modules/next/dist/compiled/next-server/app-page.runtime.prod.js:12:47572)
compvss:build:     at nL (/Users/julianclarkson/Documents/Dragonflyone/node_modules/.pnpm/next@14.2.34_@babel+core@7.28.5_@opentelemetry+api@1.9.0_@playwright+test@1.56.1_react-dom@18_7hgdyk63qyoywe26j4c7wzx2ra/node_modules/next/dist/compiled/next-server/app-page.runtime.prod.js:12:64547)
compvss:build:     at nI (/Users/julianclarkson/Documents/Dragonflyone/node_modules/.pnpm/next@14.2.34_@babel+core@7.28.5_@opentelemetry+api@1.9.0_@playwright+test@1.56.1_react-dom@18_7hgdyk63qyoywe26j4c7wzx2ra/node_modules/next/dist/compiled/next-server/app-page.runtime.prod.js:12:47011)
compvss:build:     at nM (/Users/julianclarkson/Documents/Dragonflyone/node_modules/.pnpm/next@14.2.34_@babel+core@7.28.5_@opentelemetry+api@1.9.0_@playwright+test@1.56.1_react-dom@18_7hgdyk63qyoywe26j4c7wzx2ra/node_modules/next/dist/compiled/next-server/app-page.runtime.prod.js:12:47718)
compvss:build:     at nM (/Users/julianclarkson/Documents/Dragonflyone/node_modules/.pnpm/next@14.2.34_@babel+core@7.28.5_@opentelemetry+api@1.9.0_@playwright+test@1.56.1_react-dom@18_7hgdyk63qyoywe26j4c7wzx2ra/node_modules/next/dist/compiled/next-server/app-page.runtime.prod.js:12:61547)
compvss:build:  ⚠ Entire page "/punch-list" deopted into client-side rendering due to "useSearchParams()". Read more: https://nextjs.org/docs/messages/deopted-into-client-rendering
compvss:build:     at n (/Users/julianclarkson/Documents/Dragonflyone/apps/compvss/.next/server/chunks/6939.js:41:676431)
compvss:build:     at h (/Users/julianclarkson/Documents/Dragonflyone/apps/compvss/.next/server/chunks/6939.js:41:687416)
compvss:build:     at m (/Users/julianclarkson/Documents/Dragonflyone/apps/compvss/.next/server/chunks/8072.js:10:4905)
compvss:build:     at d (/Users/julianclarkson/Documents/Dragonflyone/apps/compvss/.next/server/app/punch-list/page.js:1:2464)
compvss:build:     at nj (/Users/julianclarkson/Documents/Dragonflyone/node_modules/.pnpm/next@14.2.34_@babel+core@7.28.5_@opentelemetry+api@1.9.0_@playwright+test@1.56.1_react-dom@18_7hgdyk63qyoywe26j4c7wzx2ra/node_modules/next/dist/compiled/next-server/app-page.runtime.prod.js:12:46252)
compvss:build:     at nM (/Users/julianclarkson/Documents/Dragonflyone/node_modules/.pnpm/next@14.2.34_@babel+core@7.28.5_@opentelemetry+api@1.9.0_@playwright+test@1.56.1_react-dom@18_7hgdyk63qyoywe26j4c7wzx2ra/node_modules/next/dist/compiled/next-server/app-page.runtime.prod.js:12:47572)
compvss:build:     at nL (/Users/julianclarkson/Documents/Dragonflyone/node_modules/.pnpm/next@14.2.34_@babel+core@7.28.5_@opentelemetry+api@1.9.0_@playwright+test@1.56.1_react-dom@18_7hgdyk63qyoywe26j4c7wzx2ra/node_modules/next/dist/compiled/next-server/app-page.runtime.prod.js:12:64547)
compvss:build:     at nI (/Users/julianclarkson/Documents/Dragonflyone/node_modules/.pnpm/next@14.2.34_@babel+core@7.28.5_@opentelemetry+api@1.9.0_@playwright+test@1.56.1_react-dom@18_7hgdyk63qyoywe26j4c7wzx2ra/node_modules/next/dist/compiled/next-server/app-page.runtime.prod.js:12:47011)
compvss:build:     at nM (/Users/julianclarkson/Documents/Dragonflyone/node_modules/.pnpm/next@14.2.34_@babel+core@7.28.5_@opentelemetry+api@1.9.0_@playwright+test@1.56.1_react-dom@18_7hgdyk63qyoywe26j4c7wzx2ra/node_modules/next/dist/compiled/next-server/app-page.runtime.prod.js:12:47718)
compvss:build:     at nM (/Users/julianclarkson/Documents/Dragonflyone/node_modules/.pnpm/next@14.2.34_@babel+core@7.28.5_@opentelemetry+api@1.9.0_@playwright+test@1.56.1_react-dom@18_7hgdyk63qyoywe26j4c7wzx2ra/node_modules/next/dist/compiled/next-server/app-page.runtime.prod.js:12:61547)
compvss:build:  ⚠ Entire page "/sops/acknowledgments" deopted into client-side rendering due to "useSearchParams()". Read more: https://nextjs.org/docs/messages/deopted-into-client-rendering
compvss:build:     at n (/Users/julianclarkson/Documents/Dragonflyone/apps/compvss/.next/server/chunks/6939.js:41:676431)
compvss:build:     at h (/Users/julianclarkson/Documents/Dragonflyone/apps/compvss/.next/server/chunks/6939.js:41:687416)
compvss:build:     at m (/Users/julianclarkson/Documents/Dragonflyone/apps/compvss/.next/server/app/sops/acknowledgments/page.js:1:3419)
compvss:build:     at nj (/Users/julianclarkson/Documents/Dragonflyone/node_modules/.pnpm/next@14.2.34_@babel+core@7.28.5_@opentelemetry+api@1.9.0_@playwright+test@1.56.1_react-dom@18_7hgdyk63qyoywe26j4c7wzx2ra/node_modules/next/dist/compiled/next-server/app-page.runtime.prod.js:12:46252)
compvss:build:     at nM (/Users/julianclarkson/Documents/Dragonflyone/node_modules/.pnpm/next@14.2.34_@babel+core@7.28.5_@opentelemetry+api@1.9.0_@playwright+test@1.56.1_react-dom@18_7hgdyk63qyoywe26j4c7wzx2ra/node_modules/next/dist/compiled/next-server/app-page.runtime.prod.js:12:47572)
compvss:build:     at nL (/Users/julianclarkson/Documents/Dragonflyone/node_modules/.pnpm/next@14.2.34_@babel+core@7.28.5_@opentelemetry+api@1.9.0_@playwright+test@1.56.1_react-dom@18_7hgdyk63qyoywe26j4c7wzx2ra/node_modules/next/dist/compiled/next-server/app-page.runtime.prod.js:12:64547)
compvss:build:     at nI (/Users/julianclarkson/Documents/Dragonflyone/node_modules/.pnpm/next@14.2.34_@babel+core@7.28.5_@opentelemetry+api@1.9.0_@playwright+test@1.56.1_react-dom@18_7hgdyk63qyoywe26j4c7wzx2ra/node_modules/next/dist/compiled/next-server/app-page.runtime.prod.js:12:47011)
compvss:build:     at nM (/Users/julianclarkson/Documents/Dragonflyone/node_modules/.pnpm/next@14.2.34_@babel+core@7.28.5_@opentelemetry+api@1.9.0_@playwright+test@1.56.1_react-dom@18_7hgdyk63qyoywe26j4c7wzx2ra/node_modules/next/dist/compiled/next-server/app-page.runtime.prod.js:12:47718)
compvss:build:     at nM (/Users/julianclarkson/Documents/Dragonflyone/node_modules/.pnpm/next@14.2.34_@babel+core@7.28.5_@opentelemetry+api@1.9.0_@playwright+test@1.56.1_react-dom@18_7hgdyk63qyoywe26j4c7wzx2ra/node_modules/next/dist/compiled/next-server/app-page.runtime.prod.js:12:61547)
compvss:build:     at nL (/Users/julianclarkson/Documents/Dragonflyone/node_modules/.pnpm/next@14.2.34_@babel+core@7.28.5_@opentelemetry+api@1.9.0_@playwright+test@1.56.1_react-dom@18_7hgdyk63qyoywe26j4c7wzx2ra/node_modules/next/dist/compiled/next-server/app-page.runtime.prod.js:12:64547)
compvss:build:  ⚠ Entire page "/bid-portal" deopted into client-side rendering due to "useSearchParams()". Read more: https://nextjs.org/docs/messages/deopted-into-client-rendering
compvss:build:     at n (/Users/julianclarkson/Documents/Dragonflyone/apps/compvss/.next/server/chunks/6939.js:41:676431)
compvss:build:     at h (/Users/julianclarkson/Documents/Dragonflyone/apps/compvss/.next/server/chunks/6939.js:41:687416)
compvss:build:     at m (/Users/julianclarkson/Documents/Dragonflyone/apps/compvss/.next/server/chunks/8072.js:10:4905)
compvss:build:     at c (/Users/julianclarkson/Documents/Dragonflyone/apps/compvss/.next/server/app/bid-portal/page.js:1:2457)
compvss:build:     at nj (/Users/julianclarkson/Documents/Dragonflyone/node_modules/.pnpm/next@14.2.34_@babel+core@7.28.5_@opentelemetry+api@1.9.0_@playwright+test@1.56.1_react-dom@18_7hgdyk63qyoywe26j4c7wzx2ra/node_modules/next/dist/compiled/next-server/app-page.runtime.prod.js:12:46252)
compvss:build:     at nM (/Users/julianclarkson/Documents/Dragonflyone/node_modules/.pnpm/next@14.2.34_@babel+core@7.28.5_@opentelemetry+api@1.9.0_@playwright+test@1.56.1_react-dom@18_7hgdyk63qyoywe26j4c7wzx2ra/node_modules/next/dist/compiled/next-server/app-page.runtime.prod.js:12:47572)
compvss:build:     at nL (/Users/julianclarkson/Documents/Dragonflyone/node_modules/.pnpm/next@14.2.34_@babel+core@7.28.5_@opentelemetry+api@1.9.0_@playwright+test@1.56.1_react-dom@18_7hgdyk63qyoywe26j4c7wzx2ra/node_modules/next/dist/compiled/next-server/app-page.runtime.prod.js:12:64547)
compvss:build:     at nI (/Users/julianclarkson/Documents/Dragonflyone/node_modules/.pnpm/next@14.2.34_@babel+core@7.28.5_@opentelemetry+api@1.9.0_@playwright+test@1.56.1_react-dom@18_7hgdyk63qyoywe26j4c7wzx2ra/node_modules/next/dist/compiled/next-server/app-page.runtime.prod.js:12:47011)
compvss:build:     at nM (/Users/julianclarkson/Documents/Dragonflyone/node_modules/.pnpm/next@14.2.34_@babel+core@7.28.5_@opentelemetry+api@1.9.0_@playwright+test@1.56.1_react-dom@18_7hgdyk63qyoywe26j4c7wzx2ra/node_modules/next/dist/compiled/next-server/app-page.runtime.prod.js:12:47718)
compvss:build:     at nM (/Users/julianclarkson/Documents/Dragonflyone/node_modules/.pnpm/next@14.2.34_@babel+core@7.28.5_@opentelemetry+api@1.9.0_@playwright+test@1.56.1_react-dom@18_7hgdyk63qyoywe26j4c7wzx2ra/node_modules/next/dist/compiled/next-server/app-page.runtime.prod.js:12:61547)
compvss:build:  ⚠ Entire page "/sops/training" deopted into client-side rendering due to "useSearchParams()". Read more: https://nextjs.org/docs/messages/deopted-into-client-rendering
compvss:build:     at n (/Users/julianclarkson/Documents/Dragonflyone/apps/compvss/.next/server/chunks/6939.js:41:676431)
compvss:build:     at h (/Users/julianclarkson/Documents/Dragonflyone/apps/compvss/.next/server/chunks/6939.js:41:687416)
compvss:build:     at w (/Users/julianclarkson/Documents/Dragonflyone/apps/compvss/.next/server/app/sops/training/page.js:1:4071)
compvss:build:     at nj (/Users/julianclarkson/Documents/Dragonflyone/node_modules/.pnpm/next@14.2.34_@babel+core@7.28.5_@opentelemetry+api@1.9.0_@playwright+test@1.56.1_react-dom@18_7hgdyk63qyoywe26j4c7wzx2ra/node_modules/next/dist/compiled/next-server/app-page.runtime.prod.js:12:46252)
compvss:build:     at nM (/Users/julianclarkson/Documents/Dragonflyone/node_modules/.pnpm/next@14.2.34_@babel+core@7.28.5_@opentelemetry+api@1.9.0_@playwright+test@1.56.1_react-dom@18_7hgdyk63qyoywe26j4c7wzx2ra/node_modules/next/dist/compiled/next-server/app-page.runtime.prod.js:12:47572)
compvss:build:     at nL (/Users/julianclarkson/Documents/Dragonflyone/node_modules/.pnpm/next@14.2.34_@babel+core@7.28.5_@opentelemetry+api@1.9.0_@playwright+test@1.56.1_react-dom@18_7hgdyk63qyoywe26j4c7wzx2ra/node_modules/next/dist/compiled/next-server/app-page.runtime.prod.js:12:64547)
compvss:build:     at nI (/Users/julianclarkson/Documents/Dragonflyone/node_modules/.pnpm/next@14.2.34_@babel+core@7.28.5_@opentelemetry+api@1.9.0_@playwright+test@1.56.1_react-dom@18_7hgdyk63qyoywe26j4c7wzx2ra/node_modules/next/dist/compiled/next-server/app-page.runtime.prod.js:12:47011)
compvss:build:     at nM (/Users/julianclarkson/Documents/Dragonflyone/node_modules/.pnpm/next@14.2.34_@babel+core@7.28.5_@opentelemetry+api@1.9.0_@playwright+test@1.56.1_react-dom@18_7hgdyk63qyoywe26j4c7wzx2ra/node_modules/next/dist/compiled/next-server/app-page.runtime.prod.js:12:47718)
compvss:build:     at nM (/Users/julianclarkson/Documents/Dragonflyone/node_modules/.pnpm/next@14.2.34_@babel+core@7.28.5_@opentelemetry+api@1.9.0_@playwright+test@1.56.1_react-dom@18_7hgdyk63qyoywe26j4c7wzx2ra/node_modules/next/dist/compiled/next-server/app-page.runtime.prod.js:12:61547)
compvss:build:     at nL (/Users/julianclarkson/Documents/Dragonflyone/node_modules/.pnpm/next@14.2.34_@babel+core@7.28.5_@opentelemetry+api@1.9.0_@playwright+test@1.56.1_react-dom@18_7hgdyk63qyoywe26j4c7wzx2ra/node_modules/next/dist/compiled/next-server/app-page.runtime.prod.js:12:64547)
compvss:build:  ⚠ Entire page "/vip-management" deopted into client-side rendering due to "useSearchParams()". Read more: https://nextjs.org/docs/messages/deopted-into-client-rendering
compvss:build:     at n (/Users/julianclarkson/Documents/Dragonflyone/apps/compvss/.next/server/chunks/6939.js:41:676431)
compvss:build:     at h (/Users/julianclarkson/Documents/Dragonflyone/apps/compvss/.next/server/chunks/6939.js:41:687416)
compvss:build:     at m (/Users/julianclarkson/Documents/Dragonflyone/apps/compvss/.next/server/chunks/8072.js:10:4905)
compvss:build:     at u (/Users/julianclarkson/Documents/Dragonflyone/apps/compvss/.next/server/app/vip-management/page.js:1:2484)
compvss:build:     at nj (/Users/julianclarkson/Documents/Dragonflyone/node_modules/.pnpm/next@14.2.34_@babel+core@7.28.5_@opentelemetry+api@1.9.0_@playwright+test@1.56.1_react-dom@18_7hgdyk63qyoywe26j4c7wzx2ra/node_modules/next/dist/compiled/next-server/app-page.runtime.prod.js:12:46252)
compvss:build:     at nM (/Users/julianclarkson/Documents/Dragonflyone/node_modules/.pnpm/next@14.2.34_@babel+core@7.28.5_@opentelemetry+api@1.9.0_@playwright+test@1.56.1_react-dom@18_7hgdyk63qyoywe26j4c7wzx2ra/node_modules/next/dist/compiled/next-server/app-page.runtime.prod.js:12:47572)
compvss:build:     at nL (/Users/julianclarkson/Documents/Dragonflyone/node_modules/.pnpm/next@14.2.34_@babel+core@7.28.5_@opentelemetry+api@1.9.0_@playwright+test@1.56.1_react-dom@18_7hgdyk63qyoywe26j4c7wzx2ra/node_modules/next/dist/compiled/next-server/app-page.runtime.prod.js:12:64547)
compvss:build:     at nI (/Users/julianclarkson/Documents/Dragonflyone/node_modules/.pnpm/next@14.2.34_@babel+core@7.28.5_@opentelemetry+api@1.9.0_@playwright+test@1.56.1_react-dom@18_7hgdyk63qyoywe26j4c7wzx2ra/node_modules/next/dist/compiled/next-server/app-page.runtime.prod.js:12:47011)
compvss:build:     at nM (/Users/julianclarkson/Documents/Dragonflyone/node_modules/.pnpm/next@14.2.34_@babel+core@7.28.5_@opentelemetry+api@1.9.0_@playwright+test@1.56.1_react-dom@18_7hgdyk63qyoywe26j4c7wzx2ra/node_modules/next/dist/compiled/next-server/app-page.runtime.prod.js:12:47718)
compvss:build:     at nM (/Users/julianclarkson/Documents/Dragonflyone/node_modules/.pnpm/next@14.2.34_@babel+core@7.28.5_@opentelemetry+api@1.9.0_@playwright+test@1.56.1_react-dom@18_7hgdyk63qyoywe26j4c7wzx2ra/node_modules/next/dist/compiled/next-server/app-page.runtime.prod.js:12:61547)
compvss:build:  ✓ Generating static pages (121/121)
compvss:build: 
compvss:build: > Build error occurred
compvss:build: PageNotFoundError: Cannot find module for page: /_error
compvss:build:     at getPagePath (/Users/julianclarkson/Documents/Dragonflyone/node_modules/.pnpm/next@14.2.34_@babel+core@7.28.5_@opentelemetry+api@1.9.0_@playwright+test@1.56.1_react-dom@18_7hgdyk63qyoywe26j4c7wzx2ra/node_modules/next/dist/server/require.js:94:15)
compvss:build:     at /Users/julianclarkson/Documents/Dragonflyone/node_modules/.pnpm/next@14.2.34_@babel+core@7.28.5_@opentelemetry+api@1.9.0_@playwright+test@1.56.1_react-dom@18_7hgdyk63qyoywe26j4c7wzx2ra/node_modules/next/dist/build/index.js:1855:71
compvss:build:     at Span.traceAsyncFn (/Users/julianclarkson/Documents/Dragonflyone/node_modules/.pnpm/next@14.2.34_@babel+core@7.28.5_@opentelemetry+api@1.9.0_@playwright+test@1.56.1_react-dom@18_7hgdyk63qyoywe26j4c7wzx2ra/node_modules/next/dist/trace/trace.js:154:26)
compvss:build:     at moveExportedPage (/Users/julianclarkson/Documents/Dragonflyone/node_modules/.pnpm/next@14.2.34_@babel+core@7.28.5_@opentelemetry+api@1.9.0_@playwright+test@1.56.1_react-dom@18_7hgdyk63qyoywe26j4c7wzx2ra/node_modules/next/dist/build/index.js:1852:86)
compvss:build:     at /Users/julianclarkson/Documents/Dragonflyone/node_modules/.pnpm/next@14.2.34_@babel+core@7.28.5_@opentelemetry+api@1.9.0_@playwright+test@1.56.1_react-dom@18_7hgdyk63qyoywe26j4c7wzx2ra/node_modules/next/dist/build/index.js:1924:31
compvss:build:     at async Span.traceAsyncFn (/Users/julianclarkson/Documents/Dragonflyone/node_modules/.pnpm/next@14.2.34_@babel+core@7.28.5_@opentelemetry+api@1.9.0_@playwright+test@1.56.1_react-dom@18_7hgdyk63qyoywe26j4c7wzx2ra/node_modules/next/dist/trace/trace.js:154:20)
compvss:build:     at async /Users/julianclarkson/Documents/Dragonflyone/node_modules/.pnpm/next@14.2.34_@babel+core@7.28.5_@opentelemetry+api@1.9.0_@playwright+test@1.56.1_react-dom@18_7hgdyk63qyoywe26j4c7wzx2ra/node_modules/next/dist/build/index.js:1546:17
compvss:build:     at async Span.traceAsyncFn (/Users/julianclarkson/Documents/Dragonflyone/node_modules/.pnpm/next@14.2.34_@babel+core@7.28.5_@opentelemetry+api@1.9.0_@playwright+test@1.56.1_react-dom@18_7hgdyk63qyoywe26j4c7wzx2ra/node_modules/next/dist/trace/trace.js:154:20)
compvss:build:     at async build (/Users/julianclarkson/Documents/Dragonflyone/node_modules/.pnpm/next@14.2.34_@babel+core@7.28.5_@opentelemetry+api@1.9.0_@playwright+test@1.56.1_react-dom@18_7hgdyk63qyoywe26j4c7wzx2ra/node_modules/next/dist/build/index.js:368:9) {
compvss:build:   code: 'ENOENT'
compvss:build: }
compvss:build:  ELIFECYCLE  Command failed with exit code 1.
compvss:build: ERROR: command finished with error: command (/Users/julianclarkson/Documents/Dragonflyone/apps/compvss) /Users/julianclarkson/Library/pnpm/.tools/@pnpm+macos-arm64/9.0.0/bin/pnpm run build exited (1)
compvss#build: command (/Users/julianclarkson/Documents/Dragonflyone/apps/compvss) /Users/julianclarkson/Library/pnpm/.tools/@pnpm+macos-arm64/9.0.0/bin/pnpm run build exited (1)

 Tasks:    2 successful, 3 total
Cached:    0 cached, 3 total
  Time:    28.692s 
Failed:    compvss#build

 ERROR  run failed: command  exited (1)
turbo 2.6.1

• Packages in scope: gvteway
• Running build in 1 packages
• Remote caching disabled
@ghxstship/config:build: cache hit, replaying logs 5cd7eb12581c3371
@ghxstship/config:build: 
@ghxstship/config:build: > @ghxstship/config@0.0.1 build /Users/julianclarkson/Documents/Dragonflyone/packages/config
@ghxstship/config:build: > tsc -p tsconfig.json
@ghxstship/config:build: 
@ghxstship/ui:build: cache hit, replaying logs 8936c4b18a0e8b9d
@ghxstship/ui:build: 
@ghxstship/ui:build: > @ghxstship/ui@0.0.1 build /Users/julianclarkson/Documents/Dragonflyone/packages/ui
@ghxstship/ui:build: > tsc -p tsconfig.json
@ghxstship/ui:build: 
gvteway:build: cache miss, executing 7ca7c6dfeec7e58a
gvteway:build: 
gvteway:build: > gvteway@0.1.0 build /Users/julianclarkson/Documents/Dragonflyone/apps/gvteway
gvteway:build: > NODE_OPTIONS='--max-old-space-size=8192' next build
gvteway:build: 
gvteway:build:   ▲ Next.js 14.2.34
gvteway:build:   - Environments: .env.local
gvteway:build:   - Experiments (use with caution):
gvteway:build:     · cpus
gvteway:build: 
gvteway:build:    Creating an optimized production build ...
gvteway:build:  ✓ Compiled successfully
gvteway:build:    Skipping validation of types
gvteway:build:    Skipping linting
gvteway:build:    Collecting page data ...
gvteway:build:  ⚠ Using edge runtime on a page currently disables static generation for that page
gvteway:build:    Generating static pages (0/138) ...
gvteway:build: 
gvteway:build: Error occurred prerendering page "/favicon.ico". Read more: https://nextjs.org/docs/messages/prerender-error
gvteway:build: 
gvteway:build: Error: Cannot find module '/Users/julianclarkson/Documents/Dragonflyone/apps/gvteway/.next/server/app/favicon.ico/route'
gvteway:build: Require stack:
gvteway:build: - /Users/julianclarkson/Documents/Dragonflyone/node_modules/.pnpm/next@14.2.34_@babel+core@7.28.5_@opentelemetry+api@1.9.0_@playwright+test@1.56.1_react-dom@18_7hgdyk63qyoywe26j4c7wzx2ra/node_modules/next/dist/server/future/helpers/module-loader/node-module-loader.js
gvteway:build: - /Users/julianclarkson/Documents/Dragonflyone/node_modules/.pnpm/next@14.2.34_@babel+core@7.28.5_@opentelemetry+api@1.9.0_@playwright+test@1.56.1_react-dom@18_7hgdyk63qyoywe26j4c7wzx2ra/node_modules/next/dist/server/future/helpers/module-loader/route-module-loader.js
gvteway:build: - /Users/julianclarkson/Documents/Dragonflyone/node_modules/.pnpm/next@14.2.34_@babel+core@7.28.5_@opentelemetry+api@1.9.0_@playwright+test@1.56.1_react-dom@18_7hgdyk63qyoywe26j4c7wzx2ra/node_modules/next/dist/export/routes/app-route.js
gvteway:build: - /Users/julianclarkson/Documents/Dragonflyone/node_modules/.pnpm/next@14.2.34_@babel+core@7.28.5_@opentelemetry+api@1.9.0_@playwright+test@1.56.1_react-dom@18_7hgdyk63qyoywe26j4c7wzx2ra/node_modules/next/dist/export/worker.js
gvteway:build: - /Users/julianclarkson/Documents/Dragonflyone/node_modules/.pnpm/next@14.2.34_@babel+core@7.28.5_@opentelemetry+api@1.9.0_@playwright+test@1.56.1_react-dom@18_7hgdyk63qyoywe26j4c7wzx2ra/node_modules/next/dist/build/worker.js
gvteway:build: - /Users/julianclarkson/Documents/Dragonflyone/node_modules/.pnpm/next@14.2.34_@babel+core@7.28.5_@opentelemetry+api@1.9.0_@playwright+test@1.56.1_react-dom@18_7hgdyk63qyoywe26j4c7wzx2ra/node_modules/next/dist/compiled/jest-worker/processChild.js
gvteway:build:     at Function.<anonymous> (node:internal/modules/cjs/loader:1225:15)
gvteway:build:     at /Users/julianclarkson/Documents/Dragonflyone/node_modules/.pnpm/next@14.2.34_@babel+core@7.28.5_@opentelemetry+api@1.9.0_@playwright+test@1.56.1_react-dom@18_7hgdyk63qyoywe26j4c7wzx2ra/node_modules/next/dist/server/require-hook.js:55:36
gvteway:build:     at Function._load (node:internal/modules/cjs/loader:1055:27)
gvteway:build:     at TracingChannel.traceSync (node:diagnostics_channel:322:14)
gvteway:build:     at wrapModuleLoad (node:internal/modules/cjs/loader:220:24)
gvteway:build:     at Module.<anonymous> (node:internal/modules/cjs/loader:1311:12)
gvteway:build:     at mod.require (/Users/julianclarkson/Documents/Dragonflyone/node_modules/.pnpm/next@14.2.34_@babel+core@7.28.5_@opentelemetry+api@1.9.0_@playwright+test@1.56.1_react-dom@18_7hgdyk63qyoywe26j4c7wzx2ra/node_modules/next/dist/server/require-hook.js:65:28)
gvteway:build:     at require (node:internal/modules/helpers:136:16)
gvteway:build:     at NodeModuleLoader.load (/Users/julianclarkson/Documents/Dragonflyone/node_modules/.pnpm/next@14.2.34_@babel+core@7.28.5_@opentelemetry+api@1.9.0_@playwright+test@1.56.1_react-dom@18_7hgdyk63qyoywe26j4c7wzx2ra/node_modules/next/dist/server/future/helpers/module-loader/node-module-loader.js:15:84)
gvteway:build:     at RouteModuleLoader.load (/Users/julianclarkson/Documents/Dragonflyone/node_modules/.pnpm/next@14.2.34_@babel+core@7.28.5_@opentelemetry+api@1.9.0_@playwright+test@1.56.1_react-dom@18_7hgdyk63qyoywe26j4c7wzx2ra/node_modules/next/dist/server/future/helpers/module-loader/route-module-loader.js:14:37)
gvteway:build: 
gvteway:build: Error occurred prerendering page "/_not-found". Read more: https://nextjs.org/docs/messages/prerender-error
gvteway:build: 
gvteway:build: Error: ENOENT: no such file or directory, open '/Users/julianclarkson/Documents/Dragonflyone/apps/gvteway/.next/server/font-manifest.json'
gvteway:build:     at readFileSync (node:fs:442:20)
gvteway:build:     at loadManifest (/Users/julianclarkson/Documents/Dragonflyone/node_modules/.pnpm/next@14.2.34_@babel+core@7.28.5_@opentelemetry+api@1.9.0_@playwright+test@1.56.1_react-dom@18_7hgdyk63qyoywe26j4c7wzx2ra/node_modules/next/dist/server/load-manifest.js:36:52)
gvteway:build:     at requireFontManifest (/Users/julianclarkson/Documents/Dragonflyone/node_modules/.pnpm/next@14.2.34_@babel+core@7.28.5_@opentelemetry+api@1.9.0_@playwright+test@1.56.1_react-dom@18_7hgdyk63qyoywe26j4c7wzx2ra/node_modules/next/dist/server/require.js:117:57)
gvteway:build:     at exportPageImpl (/Users/julianclarkson/Documents/Dragonflyone/node_modules/.pnpm/next@14.2.34_@babel+core@7.28.5_@opentelemetry+api@1.9.0_@playwright+test@1.56.1_react-dom@18_7hgdyk63qyoywe26j4c7wzx2ra/node_modules/next/dist/export/worker.js:191:76)
gvteway:build:     at async Span.traceAsyncFn (/Users/julianclarkson/Documents/Dragonflyone/node_modules/.pnpm/next@14.2.34_@babel+core@7.28.5_@opentelemetry+api@1.9.0_@playwright+test@1.56.1_react-dom@18_7hgdyk63qyoywe26j4c7wzx2ra/node_modules/next/dist/trace/trace.js:154:20)
gvteway:build:     at async Object.exportPage (/Users/julianclarkson/Documents/Dragonflyone/node_modules/.pnpm/next@14.2.34_@babel+core@7.28.5_@opentelemetry+api@1.9.0_@playwright+test@1.56.1_react-dom@18_7hgdyk63qyoywe26j4c7wzx2ra/node_modules/next/dist/export/worker.js:237:20)
gvteway:build: 
gvteway:build: Error occurred prerendering page "/login". Read more: https://nextjs.org/docs/messages/prerender-error
gvteway:build: 
gvteway:build: Error: ENOENT: no such file or directory, open '/Users/julianclarkson/Documents/Dragonflyone/apps/gvteway/.next/server/font-manifest.json'
gvteway:build:     at readFileSync (node:fs:442:20)
gvteway:build:     at loadManifest (/Users/julianclarkson/Documents/Dragonflyone/node_modules/.pnpm/next@14.2.34_@babel+core@7.28.5_@opentelemetry+api@1.9.0_@playwright+test@1.56.1_react-dom@18_7hgdyk63qyoywe26j4c7wzx2ra/node_modules/next/dist/server/load-manifest.js:36:52)
gvteway:build:     at requireFontManifest (/Users/julianclarkson/Documents/Dragonflyone/node_modules/.pnpm/next@14.2.34_@babel+core@7.28.5_@opentelemetry+api@1.9.0_@playwright+test@1.56.1_react-dom@18_7hgdyk63qyoywe26j4c7wzx2ra/node_modules/next/dist/server/require.js:117:57)
gvteway:build:     at exportPageImpl (/Users/julianclarkson/Documents/Dragonflyone/node_modules/.pnpm/next@14.2.34_@babel+core@7.28.5_@opentelemetry+api@1.9.0_@playwright+test@1.56.1_react-dom@18_7hgdyk63qyoywe26j4c7wzx2ra/node_modules/next/dist/export/worker.js:191:76)
gvteway:build:     at async Span.traceAsyncFn (/Users/julianclarkson/Documents/Dragonflyone/node_modules/.pnpm/next@14.2.34_@babel+core@7.28.5_@opentelemetry+api@1.9.0_@playwright+test@1.56.1_react-dom@18_7hgdyk63qyoywe26j4c7wzx2ra/node_modules/next/dist/trace/trace.js:154:20)
gvteway:build:     at async Object.exportPage (/Users/julianclarkson/Documents/Dragonflyone/node_modules/.pnpm/next@14.2.34_@babel+core@7.28.5_@opentelemetry+api@1.9.0_@playwright+test@1.56.1_react-dom@18_7hgdyk63qyoywe26j4c7wzx2ra/node_modules/next/dist/export/worker.js:237:20)
gvteway:build: 
gvteway:build: Error occurred prerendering page "/accessibility". Read more: https://nextjs.org/docs/messages/prerender-error
gvteway:build: 
gvteway:build: Error: ENOENT: no such file or directory, open '/Users/julianclarkson/Documents/Dragonflyone/apps/gvteway/.next/server/font-manifest.json'
gvteway:build:     at readFileSync (node:fs:442:20)
gvteway:build:     at loadManifest (/Users/julianclarkson/Documents/Dragonflyone/node_modules/.pnpm/next@14.2.34_@babel+core@7.28.5_@opentelemetry+api@1.9.0_@playwright+test@1.56.1_react-dom@18_7hgdyk63qyoywe26j4c7wzx2ra/node_modules/next/dist/server/load-manifest.js:36:52)
gvteway:build:     at requireFontManifest (/Users/julianclarkson/Documents/Dragonflyone/node_modules/.pnpm/next@14.2.34_@babel+core@7.28.5_@opentelemetry+api@1.9.0_@playwright+test@1.56.1_react-dom@18_7hgdyk63qyoywe26j4c7wzx2ra/node_modules/next/dist/server/require.js:117:57)
gvteway:build:     at exportPageImpl (/Users/julianclarkson/Documents/Dragonflyone/node_modules/.pnpm/next@14.2.34_@babel+core@7.28.5_@opentelemetry+api@1.9.0_@playwright+test@1.56.1_react-dom@18_7hgdyk63qyoywe26j4c7wzx2ra/node_modules/next/dist/export/worker.js:191:76)
gvteway:build:     at async Span.traceAsyncFn (/Users/julianclarkson/Documents/Dragonflyone/node_modules/.pnpm/next@14.2.34_@babel+core@7.28.5_@opentelemetry+api@1.9.0_@playwright+test@1.56.1_react-dom@18_7hgdyk63qyoywe26j4c7wzx2ra/node_modules/next/dist/trace/trace.js:154:20)
gvteway:build:     at async Object.exportPage (/Users/julianclarkson/Documents/Dragonflyone/node_modules/.pnpm/next@14.2.34_@babel+core@7.28.5_@opentelemetry+api@1.9.0_@playwright+test@1.56.1_react-dom@18_7hgdyk63qyoywe26j4c7wzx2ra/node_modules/next/dist/export/worker.js:237:20)
gvteway:build: 
gvteway:build: Error occurred prerendering page "/accessibility/request". Read more: https://nextjs.org/docs/messages/prerender-error
gvteway:build: 
gvteway:build: Error: ENOENT: no such file or directory, open '/Users/julianclarkson/Documents/Dragonflyone/apps/gvteway/.next/server/font-manifest.json'
gvteway:build:     at readFileSync (node:fs:442:20)
gvteway:build:     at loadManifest (/Users/julianclarkson/Documents/Dragonflyone/node_modules/.pnpm/next@14.2.34_@babel+core@7.28.5_@opentelemetry+api@1.9.0_@playwright+test@1.56.1_react-dom@18_7hgdyk63qyoywe26j4c7wzx2ra/node_modules/next/dist/server/load-manifest.js:36:52)
gvteway:build:     at requireFontManifest (/Users/julianclarkson/Documents/Dragonflyone/node_modules/.pnpm/next@14.2.34_@babel+core@7.28.5_@opentelemetry+api@1.9.0_@playwright+test@1.56.1_react-dom@18_7hgdyk63qyoywe26j4c7wzx2ra/node_modules/next/dist/server/require.js:117:57)
gvteway:build:     at exportPageImpl (/Users/julianclarkson/Documents/Dragonflyone/node_modules/.pnpm/next@14.2.34_@babel+core@7.28.5_@opentelemetry+api@1.9.0_@playwright+test@1.56.1_react-dom@18_7hgdyk63qyoywe26j4c7wzx2ra/node_modules/next/dist/export/worker.js:191:76)
gvteway:build:     at async Span.traceAsyncFn (/Users/julianclarkson/Documents/Dragonflyone/node_modules/.pnpm/next@14.2.34_@babel+core@7.28.5_@opentelemetry+api@1.9.0_@playwright+test@1.56.1_react-dom@18_7hgdyk63qyoywe26j4c7wzx2ra/node_modules/next/dist/trace/trace.js:154:20)
gvteway:build:     at async Object.exportPage (/Users/julianclarkson/Documents/Dragonflyone/node_modules/.pnpm/next@14.2.34_@babel+core@7.28.5_@opentelemetry+api@1.9.0_@playwright+test@1.56.1_react-dom@18_7hgdyk63qyoywe26j4c7wzx2ra/node_modules/next/dist/export/worker.js:237:20)
gvteway:build: 
gvteway:build: Error occurred prerendering page "/account/my-refunds". Read more: https://nextjs.org/docs/messages/prerender-error
gvteway:build: 
gvteway:build: Error: ENOENT: no such file or directory, open '/Users/julianclarkson/Documents/Dragonflyone/apps/gvteway/.next/server/font-manifest.json'
gvteway:build:     at readFileSync (node:fs:442:20)
gvteway:build:     at loadManifest (/Users/julianclarkson/Documents/Dragonflyone/node_modules/.pnpm/next@14.2.34_@babel+core@7.28.5_@opentelemetry+api@1.9.0_@playwright+test@1.56.1_react-dom@18_7hgdyk63qyoywe26j4c7wzx2ra/node_modules/next/dist/server/load-manifest.js:36:52)
gvteway:build:     at requireFontManifest (/Users/julianclarkson/Documents/Dragonflyone/node_modules/.pnpm/next@14.2.34_@babel+core@7.28.5_@opentelemetry+api@1.9.0_@playwright+test@1.56.1_react-dom@18_7hgdyk63qyoywe26j4c7wzx2ra/node_modules/next/dist/server/require.js:117:57)
gvteway:build:     at exportPageImpl (/Users/julianclarkson/Documents/Dragonflyone/node_modules/.pnpm/next@14.2.34_@babel+core@7.28.5_@opentelemetry+api@1.9.0_@playwright+test@1.56.1_react-dom@18_7hgdyk63qyoywe26j4c7wzx2ra/node_modules/next/dist/export/worker.js:191:76)
gvteway:build:     at async Span.traceAsyncFn (/Users/julianclarkson/Documents/Dragonflyone/node_modules/.pnpm/next@14.2.34_@babel+core@7.28.5_@opentelemetry+api@1.9.0_@playwright+test@1.56.1_react-dom@18_7hgdyk63qyoywe26j4c7wzx2ra/node_modules/next/dist/trace/trace.js:154:20)
gvteway:build:     at async Object.exportPage (/Users/julianclarkson/Documents/Dragonflyone/node_modules/.pnpm/next@14.2.34_@babel+core@7.28.5_@opentelemetry+api@1.9.0_@playwright+test@1.56.1_react-dom@18_7hgdyk63qyoywe26j4c7wzx2ra/node_modules/next/dist/export/worker.js:237:20)
gvteway:build: 
gvteway:build: Error occurred prerendering page "/account/my-transfers". Read more: https://nextjs.org/docs/messages/prerender-error
gvteway:build: 
gvteway:build: Error: ENOENT: no such file or directory, open '/Users/julianclarkson/Documents/Dragonflyone/apps/gvteway/.next/server/font-manifest.json'
gvteway:build:     at readFileSync (node:fs:442:20)
gvteway:build:     at loadManifest (/Users/julianclarkson/Documents/Dragonflyone/node_modules/.pnpm/next@14.2.34_@babel+core@7.28.5_@opentelemetry+api@1.9.0_@playwright+test@1.56.1_react-dom@18_7hgdyk63qyoywe26j4c7wzx2ra/node_modules/next/dist/server/load-manifest.js:36:52)
gvteway:build:     at requireFontManifest (/Users/julianclarkson/Documents/Dragonflyone/node_modules/.pnpm/next@14.2.34_@babel+core@7.28.5_@opentelemetry+api@1.9.0_@playwright+test@1.56.1_react-dom@18_7hgdyk63qyoywe26j4c7wzx2ra/node_modules/next/dist/server/require.js:117:57)
gvteway:build:     at exportPageImpl (/Users/julianclarkson/Documents/Dragonflyone/node_modules/.pnpm/next@14.2.34_@babel+core@7.28.5_@opentelemetry+api@1.9.0_@playwright+test@1.56.1_react-dom@18_7hgdyk63qyoywe26j4c7wzx2ra/node_modules/next/dist/export/worker.js:191:76)
gvteway:build:     at async Span.traceAsyncFn (/Users/julianclarkson/Documents/Dragonflyone/node_modules/.pnpm/next@14.2.34_@babel+core@7.28.5_@opentelemetry+api@1.9.0_@playwright+test@1.56.1_react-dom@18_7hgdyk63qyoywe26j4c7wzx2ra/node_modules/next/dist/trace/trace.js:154:20)
gvteway:build:     at async Object.exportPage (/Users/julianclarkson/Documents/Dragonflyone/node_modules/.pnpm/next@14.2.34_@babel+core@7.28.5_@opentelemetry+api@1.9.0_@playwright+test@1.56.1_react-dom@18_7hgdyk63qyoywe26j4c7wzx2ra/node_modules/next/dist/export/worker.js:237:20)
gvteway:build: 
gvteway:build: Error occurred prerendering page "/account/orders". Read more: https://nextjs.org/docs/messages/prerender-error
gvteway:build: 
gvteway:build: Error: ENOENT: no such file or directory, open '/Users/julianclarkson/Documents/Dragonflyone/apps/gvteway/.next/server/font-manifest.json'
gvteway:build:     at readFileSync (node:fs:442:20)
gvteway:build:     at loadManifest (/Users/julianclarkson/Documents/Dragonflyone/node_modules/.pnpm/next@14.2.34_@babel+core@7.28.5_@opentelemetry+api@1.9.0_@playwright+test@1.56.1_react-dom@18_7hgdyk63qyoywe26j4c7wzx2ra/node_modules/next/dist/server/load-manifest.js:36:52)
gvteway:build:     at requireFontManifest (/Users/julianclarkson/Documents/Dragonflyone/node_modules/.pnpm/next@14.2.34_@babel+core@7.28.5_@opentelemetry+api@1.9.0_@playwright+test@1.56.1_react-dom@18_7hgdyk63qyoywe26j4c7wzx2ra/node_modules/next/dist/server/require.js:117:57)
gvteway:build:     at exportPageImpl (/Users/julianclarkson/Documents/Dragonflyone/node_modules/.pnpm/next@14.2.34_@babel+core@7.28.5_@opentelemetry+api@1.9.0_@playwright+test@1.56.1_react-dom@18_7hgdyk63qyoywe26j4c7wzx2ra/node_modules/next/dist/export/worker.js:191:76)
gvteway:build:     at async Span.traceAsyncFn (/Users/julianclarkson/Documents/Dragonflyone/node_modules/.pnpm/next@14.2.34_@babel+core@7.28.5_@opentelemetry+api@1.9.0_@playwright+test@1.56.1_react-dom@18_7hgdyk63qyoywe26j4c7wzx2ra/node_modules/next/dist/trace/trace.js:154:20)
gvteway:build:     at async Object.exportPage (/Users/julianclarkson/Documents/Dragonflyone/node_modules/.pnpm/next@14.2.34_@babel+core@7.28.5_@opentelemetry+api@1.9.0_@playwright+test@1.56.1_react-dom@18_7hgdyk63qyoywe26j4c7wzx2ra/node_modules/next/dist/export/worker.js:237:20)
gvteway:build: 
gvteway:build: Error occurred prerendering page "/account". Read more: https://nextjs.org/docs/messages/prerender-error
gvteway:build: 
gvteway:build: Error: ENOENT: no such file or directory, open '/Users/julianclarkson/Documents/Dragonflyone/apps/gvteway/.next/server/font-manifest.json'
gvteway:build:     at readFileSync (node:fs:442:20)
gvteway:build:     at loadManifest (/Users/julianclarkson/Documents/Dragonflyone/node_modules/.pnpm/next@14.2.34_@babel+core@7.28.5_@opentelemetry+api@1.9.0_@playwright+test@1.56.1_react-dom@18_7hgdyk63qyoywe26j4c7wzx2ra/node_modules/next/dist/server/load-manifest.js:36:52)
gvteway:build:     at requireFontManifest (/Users/julianclarkson/Documents/Dragonflyone/node_modules/.pnpm/next@14.2.34_@babel+core@7.28.5_@opentelemetry+api@1.9.0_@playwright+test@1.56.1_react-dom@18_7hgdyk63qyoywe26j4c7wzx2ra/node_modules/next/dist/server/require.js:117:57)
gvteway:build:     at exportPageImpl (/Users/julianclarkson/Documents/Dragonflyone/node_modules/.pnpm/next@14.2.34_@babel+core@7.28.5_@opentelemetry+api@1.9.0_@playwright+test@1.56.1_react-dom@18_7hgdyk63qyoywe26j4c7wzx2ra/node_modules/next/dist/export/worker.js:191:76)
gvteway:build:     at async Span.traceAsyncFn (/Users/julianclarkson/Documents/Dragonflyone/node_modules/.pnpm/next@14.2.34_@babel+core@7.28.5_@opentelemetry+api@1.9.0_@playwright+test@1.56.1_react-dom@18_7hgdyk63qyoywe26j4c7wzx2ra/node_modules/next/dist/trace/trace.js:154:20)
gvteway:build:     at async Object.exportPage (/Users/julianclarkson/Documents/Dragonflyone/node_modules/.pnpm/next@14.2.34_@babel+core@7.28.5_@opentelemetry+api@1.9.0_@playwright+test@1.56.1_react-dom@18_7hgdyk63qyoywe26j4c7wzx2ra/node_modules/next/dist/export/worker.js:237:20)
gvteway:build: 
gvteway:build: Error occurred prerendering page "/account/profile". Read more: https://nextjs.org/docs/messages/prerender-error
gvteway:build: 
gvteway:build: Error: ENOENT: no such file or directory, open '/Users/julianclarkson/Documents/Dragonflyone/apps/gvteway/.next/server/font-manifest.json'
gvteway:build:     at readFileSync (node:fs:442:20)
gvteway:build:     at loadManifest (/Users/julianclarkson/Documents/Dragonflyone/node_modules/.pnpm/next@14.2.34_@babel+core@7.28.5_@opentelemetry+api@1.9.0_@playwright+test@1.56.1_react-dom@18_7hgdyk63qyoywe26j4c7wzx2ra/node_modules/next/dist/server/load-manifest.js:36:52)
gvteway:build:     at requireFontManifest (/Users/julianclarkson/Documents/Dragonflyone/node_modules/.pnpm/next@14.2.34_@babel+core@7.28.5_@opentelemetry+api@1.9.0_@playwright+test@1.56.1_react-dom@18_7hgdyk63qyoywe26j4c7wzx2ra/node_modules/next/dist/server/require.js:117:57)
gvteway:build:     at exportPageImpl (/Users/julianclarkson/Documents/Dragonflyone/node_modules/.pnpm/next@14.2.34_@babel+core@7.28.5_@opentelemetry+api@1.9.0_@playwright+test@1.56.1_react-dom@18_7hgdyk63qyoywe26j4c7wzx2ra/node_modules/next/dist/export/worker.js:191:76)
gvteway:build:     at async Span.traceAsyncFn (/Users/julianclarkson/Documents/Dragonflyone/node_modules/.pnpm/next@14.2.34_@babel+core@7.28.5_@opentelemetry+api@1.9.0_@playwright+test@1.56.1_react-dom@18_7hgdyk63qyoywe26j4c7wzx2ra/node_modules/next/dist/trace/trace.js:154:20)
gvteway:build:     at async Object.exportPage (/Users/julianclarkson/Documents/Dragonflyone/node_modules/.pnpm/next@14.2.34_@babel+core@7.28.5_@opentelemetry+api@1.9.0_@playwright+test@1.56.1_react-dom@18_7hgdyk63qyoywe26j4c7wzx2ra/node_modules/next/dist/export/worker.js:237:20)
gvteway:build: 
gvteway:build: Error occurred prerendering page "/account/tickets". Read more: https://nextjs.org/docs/messages/prerender-error
gvteway:build: 
gvteway:build: Error: ENOENT: no such file or directory, open '/Users/julianclarkson/Documents/Dragonflyone/apps/gvteway/.next/server/font-manifest.json'
gvteway:build:     at readFileSync (node:fs:442:20)
gvteway:build:     at loadManifest (/Users/julianclarkson/Documents/Dragonflyone/node_modules/.pnpm/next@14.2.34_@babel+core@7.28.5_@opentelemetry+api@1.9.0_@playwright+test@1.56.1_react-dom@18_7hgdyk63qyoywe26j4c7wzx2ra/node_modules/next/dist/server/load-manifest.js:36:52)
gvteway:build:     at requireFontManifest (/Users/julianclarkson/Documents/Dragonflyone/node_modules/.pnpm/next@14.2.34_@babel+core@7.28.5_@opentelemetry+api@1.9.0_@playwright+test@1.56.1_react-dom@18_7hgdyk63qyoywe26j4c7wzx2ra/node_modules/next/dist/server/require.js:117:57)
gvteway:build:     at exportPageImpl (/Users/julianclarkson/Documents/Dragonflyone/node_modules/.pnpm/next@14.2.34_@babel+core@7.28.5_@opentelemetry+api@1.9.0_@playwright+test@1.56.1_react-dom@18_7hgdyk63qyoywe26j4c7wzx2ra/node_modules/next/dist/export/worker.js:191:76)
gvteway:build:     at async Span.traceAsyncFn (/Users/julianclarkson/Documents/Dragonflyone/node_modules/.pnpm/next@14.2.34_@babel+core@7.28.5_@opentelemetry+api@1.9.0_@playwright+test@1.56.1_react-dom@18_7hgdyk63qyoywe26j4c7wzx2ra/node_modules/next/dist/trace/trace.js:154:20)
gvteway:build:     at async Object.exportPage (/Users/julianclarkson/Documents/Dragonflyone/node_modules/.pnpm/next@14.2.34_@babel+core@7.28.5_@opentelemetry+api@1.9.0_@playwright+test@1.56.1_react-dom@18_7hgdyk63qyoywe26j4c7wzx2ra/node_modules/next/dist/export/worker.js:237:20)
gvteway:build: 
gvteway:build: Error occurred prerendering page "/activity". Read more: https://nextjs.org/docs/messages/prerender-error
gvteway:build: 
gvteway:build: Error: ENOENT: no such file or directory, open '/Users/julianclarkson/Documents/Dragonflyone/apps/gvteway/.next/server/font-manifest.json'
gvteway:build:     at readFileSync (node:fs:442:20)
gvteway:build:     at loadManifest (/Users/julianclarkson/Documents/Dragonflyone/node_modules/.pnpm/next@14.2.34_@babel+core@7.28.5_@opentelemetry+api@1.9.0_@playwright+test@1.56.1_react-dom@18_7hgdyk63qyoywe26j4c7wzx2ra/node_modules/next/dist/server/load-manifest.js:36:52)
gvteway:build:     at requireFontManifest (/Users/julianclarkson/Documents/Dragonflyone/node_modules/.pnpm/next@14.2.34_@babel+core@7.28.5_@opentelemetry+api@1.9.0_@playwright+test@1.56.1_react-dom@18_7hgdyk63qyoywe26j4c7wzx2ra/node_modules/next/dist/server/require.js:117:57)
gvteway:build:     at exportPageImpl (/Users/julianclarkson/Documents/Dragonflyone/node_modules/.pnpm/next@14.2.34_@babel+core@7.28.5_@opentelemetry+api@1.9.0_@playwright+test@1.56.1_react-dom@18_7hgdyk63qyoywe26j4c7wzx2ra/node_modules/next/dist/export/worker.js:191:76)
gvteway:build:     at async Span.traceAsyncFn (/Users/julianclarkson/Documents/Dragonflyone/node_modules/.pnpm/next@14.2.34_@babel+core@7.28.5_@opentelemetry+api@1.9.0_@playwright+test@1.56.1_react-dom@18_7hgdyk63qyoywe26j4c7wzx2ra/node_modules/next/dist/trace/trace.js:154:20)
gvteway:build:     at async Object.exportPage (/Users/julianclarkson/Documents/Dragonflyone/node_modules/.pnpm/next@14.2.34_@babel+core@7.28.5_@opentelemetry+api@1.9.0_@playwright+test@1.56.1_react-dom@18_7hgdyk63qyoywe26j4c7wzx2ra/node_modules/next/dist/export/worker.js:237:20)
gvteway:build: 
gvteway:build: Error occurred prerendering page "/admin/anti-scalping". Read more: https://nextjs.org/docs/messages/prerender-error
gvteway:build: 
gvteway:build: Error: ENOENT: no such file or directory, open '/Users/julianclarkson/Documents/Dragonflyone/apps/gvteway/.next/server/font-manifest.json'
gvteway:build:     at readFileSync (node:fs:442:20)
gvteway:build:     at loadManifest (/Users/julianclarkson/Documents/Dragonflyone/node_modules/.pnpm/next@14.2.34_@babel+core@7.28.5_@opentelemetry+api@1.9.0_@playwright+test@1.56.1_react-dom@18_7hgdyk63qyoywe26j4c7wzx2ra/node_modules/next/dist/server/load-manifest.js:36:52)
gvteway:build:     at requireFontManifest (/Users/julianclarkson/Documents/Dragonflyone/node_modules/.pnpm/next@14.2.34_@babel+core@7.28.5_@opentelemetry+api@1.9.0_@playwright+test@1.56.1_react-dom@18_7hgdyk63qyoywe26j4c7wzx2ra/node_modules/next/dist/server/require.js:117:57)
gvteway:build:     at exportPageImpl (/Users/julianclarkson/Documents/Dragonflyone/node_modules/.pnpm/next@14.2.34_@babel+core@7.28.5_@opentelemetry+api@1.9.0_@playwright+test@1.56.1_react-dom@18_7hgdyk63qyoywe26j4c7wzx2ra/node_modules/next/dist/export/worker.js:191:76)
gvteway:build:     at async Span.traceAsyncFn (/Users/julianclarkson/Documents/Dragonflyone/node_modules/.pnpm/next@14.2.34_@babel+core@7.28.5_@opentelemetry+api@1.9.0_@playwright+test@1.56.1_react-dom@18_7hgdyk63qyoywe26j4c7wzx2ra/node_modules/next/dist/trace/trace.js:154:20)
gvteway:build:     at async Object.exportPage (/Users/julianclarkson/Documents/Dragonflyone/node_modules/.pnpm/next@14.2.34_@babel+core@7.28.5_@opentelemetry+api@1.9.0_@playwright+test@1.56.1_react-dom@18_7hgdyk63qyoywe26j4c7wzx2ra/node_modules/next/dist/export/worker.js:237:20)
gvteway:build: 
gvteway:build: Error occurred prerendering page "/admin/content-calendar". Read more: https://nextjs.org/docs/messages/prerender-error
gvteway:build: 
gvteway:build: Error: ENOENT: no such file or directory, open '/Users/julianclarkson/Documents/Dragonflyone/apps/gvteway/.next/server/font-manifest.json'
gvteway:build:     at readFileSync (node:fs:442:20)
gvteway:build:     at loadManifest (/Users/julianclarkson/Documents/Dragonflyone/node_modules/.pnpm/next@14.2.34_@babel+core@7.28.5_@opentelemetry+api@1.9.0_@playwright+test@1.56.1_react-dom@18_7hgdyk63qyoywe26j4c7wzx2ra/node_modules/next/dist/server/load-manifest.js:36:52)
gvteway:build:     at requireFontManifest (/Users/julianclarkson/Documents/Dragonflyone/node_modules/.pnpm/next@14.2.34_@babel+core@7.28.5_@opentelemetry+api@1.9.0_@playwright+test@1.56.1_react-dom@18_7hgdyk63qyoywe26j4c7wzx2ra/node_modules/next/dist/server/require.js:117:57)
gvteway:build:     at exportPageImpl (/Users/julianclarkson/Documents/Dragonflyone/node_modules/.pnpm/next@14.2.34_@babel+core@7.28.5_@opentelemetry+api@1.9.0_@playwright+test@1.56.1_react-dom@18_7hgdyk63qyoywe26j4c7wzx2ra/node_modules/next/dist/export/worker.js:191:76)
gvteway:build:     at async Span.traceAsyncFn (/Users/julianclarkson/Documents/Dragonflyone/node_modules/.pnpm/next@14.2.34_@babel+core@7.28.5_@opentelemetry+api@1.9.0_@playwright+test@1.56.1_react-dom@18_7hgdyk63qyoywe26j4c7wzx2ra/node_modules/next/dist/trace/trace.js:154:20)
gvteway:build:     at async Object.exportPage (/Users/julianclarkson/Documents/Dragonflyone/node_modules/.pnpm/next@14.2.34_@babel+core@7.28.5_@opentelemetry+api@1.9.0_@playwright+test@1.56.1_react-dom@18_7hgdyk63qyoywe26j4c7wzx2ra/node_modules/next/dist/export/worker.js:237:20)
gvteway:build: 
gvteway:build: Error occurred prerendering page "/admin/contests". Read more: https://nextjs.org/docs/messages/prerender-error
gvteway:build: 
gvteway:build: Error: ENOENT: no such file or directory, open '/Users/julianclarkson/Documents/Dragonflyone/apps/gvteway/.next/server/font-manifest.json'
gvteway:build:     at readFileSync (node:fs:442:20)
gvteway:build:     at loadManifest (/Users/julianclarkson/Documents/Dragonflyone/node_modules/.pnpm/next@14.2.34_@babel+core@7.28.5_@opentelemetry+api@1.9.0_@playwright+test@1.56.1_react-dom@18_7hgdyk63qyoywe26j4c7wzx2ra/node_modules/next/dist/server/load-manifest.js:36:52)
gvteway:build:     at requireFontManifest (/Users/julianclarkson/Documents/Dragonflyone/node_modules/.pnpm/next@14.2.34_@babel+core@7.28.5_@opentelemetry+api@1.9.0_@playwright+test@1.56.1_react-dom@18_7hgdyk63qyoywe26j4c7wzx2ra/node_modules/next/dist/server/require.js:117:57)
gvteway:build:     at exportPageImpl (/Users/julianclarkson/Documents/Dragonflyone/node_modules/.pnpm/next@14.2.34_@babel+core@7.28.5_@opentelemetry+api@1.9.0_@playwright+test@1.56.1_react-dom@18_7hgdyk63qyoywe26j4c7wzx2ra/node_modules/next/dist/export/worker.js:191:76)
gvteway:build:     at async Span.traceAsyncFn (/Users/julianclarkson/Documents/Dragonflyone/node_modules/.pnpm/next@14.2.34_@babel+core@7.28.5_@opentelemetry+api@1.9.0_@playwright+test@1.56.1_react-dom@18_7hgdyk63qyoywe26j4c7wzx2ra/node_modules/next/dist/trace/trace.js:154:20)
gvteway:build:     at async Object.exportPage (/Users/julianclarkson/Documents/Dragonflyone/node_modules/.pnpm/next@14.2.34_@babel+core@7.28.5_@opentelemetry+api@1.9.0_@playwright+test@1.56.1_react-dom@18_7hgdyk63qyoywe26j4c7wzx2ra/node_modules/next/dist/export/worker.js:237:20)
gvteway:build: 
gvteway:build: Error occurred prerendering page "/admin/integrations". Read more: https://nextjs.org/docs/messages/prerender-error
gvteway:build: 
gvteway:build: Error: ENOENT: no such file or directory, open '/Users/julianclarkson/Documents/Dragonflyone/apps/gvteway/.next/server/font-manifest.json'
gvteway:build:     at readFileSync (node:fs:442:20)
gvteway:build:     at loadManifest (/Users/julianclarkson/Documents/Dragonflyone/node_modules/.pnpm/next@14.2.34_@babel+core@7.28.5_@opentelemetry+api@1.9.0_@playwright+test@1.56.1_react-dom@18_7hgdyk63qyoywe26j4c7wzx2ra/node_modules/next/dist/server/load-manifest.js:36:52)
gvteway:build:     at requireFontManifest (/Users/julianclarkson/Documents/Dragonflyone/node_modules/.pnpm/next@14.2.34_@babel+core@7.28.5_@opentelemetry+api@1.9.0_@playwright+test@1.56.1_react-dom@18_7hgdyk63qyoywe26j4c7wzx2ra/node_modules/next/dist/server/require.js:117:57)
gvteway:build:     at exportPageImpl (/Users/julianclarkson/Documents/Dragonflyone/node_modules/.pnpm/next@14.2.34_@babel+core@7.28.5_@opentelemetry+api@1.9.0_@playwright+test@1.56.1_react-dom@18_7hgdyk63qyoywe26j4c7wzx2ra/node_modules/next/dist/export/worker.js:191:76)
gvteway:build:     at async Span.traceAsyncFn (/Users/julianclarkson/Documents/Dragonflyone/node_modules/.pnpm/next@14.2.34_@babel+core@7.28.5_@opentelemetry+api@1.9.0_@playwright+test@1.56.1_react-dom@18_7hgdyk63qyoywe26j4c7wzx2ra/node_modules/next/dist/trace/trace.js:154:20)
gvteway:build:     at async Object.exportPage (/Users/julianclarkson/Documents/Dragonflyone/node_modules/.pnpm/next@14.2.34_@babel+core@7.28.5_@opentelemetry+api@1.9.0_@playwright+test@1.56.1_react-dom@18_7hgdyk63qyoywe26j4c7wzx2ra/node_modules/next/dist/export/worker.js:237:20)
gvteway:build: 
gvteway:build: Error occurred prerendering page "/admin/inventory-sync". Read more: https://nextjs.org/docs/messages/prerender-error
gvteway:build: 
gvteway:build: Error: ENOENT: no such file or directory, open '/Users/julianclarkson/Documents/Dragonflyone/apps/gvteway/.next/server/font-manifest.json'
gvteway:build:     at readFileSync (node:fs:442:20)
gvteway:build:     at loadManifest (/Users/julianclarkson/Documents/Dragonflyone/node_modules/.pnpm/next@14.2.34_@babel+core@7.28.5_@opentelemetry+api@1.9.0_@playwright+test@1.56.1_react-dom@18_7hgdyk63qyoywe26j4c7wzx2ra/node_modules/next/dist/server/load-manifest.js:36:52)
gvteway:build:     at requireFontManifest (/Users/julianclarkson/Documents/Dragonflyone/node_modules/.pnpm/next@14.2.34_@babel+core@7.28.5_@opentelemetry+api@1.9.0_@playwright+test@1.56.1_react-dom@18_7hgdyk63qyoywe26j4c7wzx2ra/node_modules/next/dist/server/require.js:117:57)
gvteway:build:     at exportPageImpl (/Users/julianclarkson/Documents/Dragonflyone/node_modules/.pnpm/next@14.2.34_@babel+core@7.28.5_@opentelemetry+api@1.9.0_@playwright+test@1.56.1_react-dom@18_7hgdyk63qyoywe26j4c7wzx2ra/node_modules/next/dist/export/worker.js:191:76)
gvteway:build:     at async Span.traceAsyncFn (/Users/julianclarkson/Documents/Dragonflyone/node_modules/.pnpm/next@14.2.34_@babel+core@7.28.5_@opentelemetry+api@1.9.0_@playwright+test@1.56.1_react-dom@18_7hgdyk63qyoywe26j4c7wzx2ra/node_modules/next/dist/trace/trace.js:154:20)
gvteway:build:     at async Object.exportPage (/Users/julianclarkson/Documents/Dragonflyone/node_modules/.pnpm/next@14.2.34_@babel+core@7.28.5_@opentelemetry+api@1.9.0_@playwright+test@1.56.1_react-dom@18_7hgdyk63qyoywe26j4c7wzx2ra/node_modules/next/dist/export/worker.js:237:20)
gvteway:build: 
gvteway:build: Error occurred prerendering page "/admin/marketing/sms". Read more: https://nextjs.org/docs/messages/prerender-error
gvteway:build: 
gvteway:build: Error: ENOENT: no such file or directory, open '/Users/julianclarkson/Documents/Dragonflyone/apps/gvteway/.next/server/font-manifest.json'
gvteway:build:     at readFileSync (node:fs:442:20)
gvteway:build:     at loadManifest (/Users/julianclarkson/Documents/Dragonflyone/node_modules/.pnpm/next@14.2.34_@babel+core@7.28.5_@opentelemetry+api@1.9.0_@playwright+test@1.56.1_react-dom@18_7hgdyk63qyoywe26j4c7wzx2ra/node_modules/next/dist/server/load-manifest.js:36:52)
gvteway:build:     at requireFontManifest (/Users/julianclarkson/Documents/Dragonflyone/node_modules/.pnpm/next@14.2.34_@babel+core@7.28.5_@opentelemetry+api@1.9.0_@playwright+test@1.56.1_react-dom@18_7hgdyk63qyoywe26j4c7wzx2ra/node_modules/next/dist/server/require.js:117:57)
gvteway:build:     at exportPageImpl (/Users/julianclarkson/Documents/Dragonflyone/node_modules/.pnpm/next@14.2.34_@babel+core@7.28.5_@opentelemetry+api@1.9.0_@playwright+test@1.56.1_react-dom@18_7hgdyk63qyoywe26j4c7wzx2ra/node_modules/next/dist/export/worker.js:191:76)
gvteway:build:     at async Span.traceAsyncFn (/Users/julianclarkson/Documents/Dragonflyone/node_modules/.pnpm/next@14.2.34_@babel+core@7.28.5_@opentelemetry+api@1.9.0_@playwright+test@1.56.1_react-dom@18_7hgdyk63qyoywe26j4c7wzx2ra/node_modules/next/dist/trace/trace.js:154:20)
gvteway:build:     at async Object.exportPage (/Users/julianclarkson/Documents/Dragonflyone/node_modules/.pnpm/next@14.2.34_@babel+core@7.28.5_@opentelemetry+api@1.9.0_@playwright+test@1.56.1_react-dom@18_7hgdyk63qyoywe26j4c7wzx2ra/node_modules/next/dist/export/worker.js:237:20)
gvteway:build: 
gvteway:build: Error occurred prerendering page "/admin/moderation". Read more: https://nextjs.org/docs/messages/prerender-error
gvteway:build: 
gvteway:build: Error: ENOENT: no such file or directory, open '/Users/julianclarkson/Documents/Dragonflyone/apps/gvteway/.next/server/font-manifest.json'
gvteway:build:     at readFileSync (node:fs:442:20)
gvteway:build:     at loadManifest (/Users/julianclarkson/Documents/Dragonflyone/node_modules/.pnpm/next@14.2.34_@babel+core@7.28.5_@opentelemetry+api@1.9.0_@playwright+test@1.56.1_react-dom@18_7hgdyk63qyoywe26j4c7wzx2ra/node_modules/next/dist/server/load-manifest.js:36:52)
gvteway:build:     at requireFontManifest (/Users/julianclarkson/Documents/Dragonflyone/node_modules/.pnpm/next@14.2.34_@babel+core@7.28.5_@opentelemetry+api@1.9.0_@playwright+test@1.56.1_react-dom@18_7hgdyk63qyoywe26j4c7wzx2ra/node_modules/next/dist/server/require.js:117:57)
gvteway:build:     at exportPageImpl (/Users/julianclarkson/Documents/Dragonflyone/node_modules/.pnpm/next@14.2.34_@babel+core@7.28.5_@opentelemetry+api@1.9.0_@playwright+test@1.56.1_react-dom@18_7hgdyk63qyoywe26j4c7wzx2ra/node_modules/next/dist/export/worker.js:191:76)
gvteway:build:     at async Span.traceAsyncFn (/Users/julianclarkson/Documents/Dragonflyone/node_modules/.pnpm/next@14.2.34_@babel+core@7.28.5_@opentelemetry+api@1.9.0_@playwright+test@1.56.1_react-dom@18_7hgdyk63qyoywe26j4c7wzx2ra/node_modules/next/dist/trace/trace.js:154:20)
gvteway:build:     at async Object.exportPage (/Users/julianclarkson/Documents/Dragonflyone/node_modules/.pnpm/next@14.2.34_@babel+core@7.28.5_@opentelemetry+api@1.9.0_@playwright+test@1.56.1_react-dom@18_7hgdyk63qyoywe26j4c7wzx2ra/node_modules/next/dist/export/worker.js:237:20)
gvteway:build: 
gvteway:build: Error occurred prerendering page "/admin/pos/cashless". Read more: https://nextjs.org/docs/messages/prerender-error
gvteway:build: 
gvteway:build: Error: ENOENT: no such file or directory, open '/Users/julianclarkson/Documents/Dragonflyone/apps/gvteway/.next/server/font-manifest.json'
gvteway:build:     at readFileSync (node:fs:442:20)
gvteway:build:     at loadManifest (/Users/julianclarkson/Documents/Dragonflyone/node_modules/.pnpm/next@14.2.34_@babel+core@7.28.5_@opentelemetry+api@1.9.0_@playwright+test@1.56.1_react-dom@18_7hgdyk63qyoywe26j4c7wzx2ra/node_modules/next/dist/server/load-manifest.js:36:52)
gvteway:build:     at requireFontManifest (/Users/julianclarkson/Documents/Dragonflyone/node_modules/.pnpm/next@14.2.34_@babel+core@7.28.5_@opentelemetry+api@1.9.0_@playwright+test@1.56.1_react-dom@18_7hgdyk63qyoywe26j4c7wzx2ra/node_modules/next/dist/server/require.js:117:57)
gvteway:build:     at exportPageImpl (/Users/julianclarkson/Documents/Dragonflyone/node_modules/.pnpm/next@14.2.34_@babel+core@7.28.5_@opentelemetry+api@1.9.0_@playwright+test@1.56.1_react-dom@18_7hgdyk63qyoywe26j4c7wzx2ra/node_modules/next/dist/export/worker.js:191:76)
gvteway:build:     at async Span.traceAsyncFn (/Users/julianclarkson/Documents/Dragonflyone/node_modules/.pnpm/next@14.2.34_@babel+core@7.28.5_@opentelemetry+api@1.9.0_@playwright+test@1.56.1_react-dom@18_7hgdyk63qyoywe26j4c7wzx2ra/node_modules/next/dist/trace/trace.js:154:20)
gvteway:build:     at async Object.exportPage (/Users/julianclarkson/Documents/Dragonflyone/node_modules/.pnpm/next@14.2.34_@babel+core@7.28.5_@opentelemetry+api@1.9.0_@playwright+test@1.56.1_react-dom@18_7hgdyk63qyoywe26j4c7wzx2ra/node_modules/next/dist/export/worker.js:237:20)
gvteway:build: 
gvteway:build: Error occurred prerendering page "/admin/pos". Read more: https://nextjs.org/docs/messages/prerender-error
gvteway:build: 
gvteway:build: Error: ENOENT: no such file or directory, open '/Users/julianclarkson/Documents/Dragonflyone/apps/gvteway/.next/server/font-manifest.json'
gvteway:build:     at readFileSync (node:fs:442:20)
gvteway:build:     at loadManifest (/Users/julianclarkson/Documents/Dragonflyone/node_modules/.pnpm/next@14.2.34_@babel+core@7.28.5_@opentelemetry+api@1.9.0_@playwright+test@1.56.1_react-dom@18_7hgdyk63qyoywe26j4c7wzx2ra/node_modules/next/dist/server/load-manifest.js:36:52)
gvteway:build:     at requireFontManifest (/Users/julianclarkson/Documents/Dragonflyone/node_modules/.pnpm/next@14.2.34_@babel+core@7.28.5_@opentelemetry+api@1.9.0_@playwright+test@1.56.1_react-dom@18_7hgdyk63qyoywe26j4c7wzx2ra/node_modules/next/dist/server/require.js:117:57)
gvteway:build:     at exportPageImpl (/Users/julianclarkson/Documents/Dragonflyone/node_modules/.pnpm/next@14.2.34_@babel+core@7.28.5_@opentelemetry+api@1.9.0_@playwright+test@1.56.1_react-dom@18_7hgdyk63qyoywe26j4c7wzx2ra/node_modules/next/dist/export/worker.js:191:76)
gvteway:build:     at async Span.traceAsyncFn (/Users/julianclarkson/Documents/Dragonflyone/node_modules/.pnpm/next@14.2.34_@babel+core@7.28.5_@opentelemetry+api@1.9.0_@playwright+test@1.56.1_react-dom@18_7hgdyk63qyoywe26j4c7wzx2ra/node_modules/next/dist/trace/trace.js:154:20)
gvteway:build:     at async Object.exportPage (/Users/julianclarkson/Documents/Dragonflyone/node_modules/.pnpm/next@14.2.34_@babel+core@7.28.5_@opentelemetry+api@1.9.0_@playwright+test@1.56.1_react-dom@18_7hgdyk63qyoywe26j4c7wzx2ra/node_modules/next/dist/export/worker.js:237:20)
gvteway:build: 
gvteway:build: Error occurred prerendering page "/admin/pricing/early-bird". Read more: https://nextjs.org/docs/messages/prerender-error
gvteway:build: 
gvteway:build: Error: ENOENT: no such file or directory, open '/Users/julianclarkson/Documents/Dragonflyone/apps/gvteway/.next/server/font-manifest.json'
gvteway:build:     at readFileSync (node:fs:442:20)
gvteway:build:     at loadManifest (/Users/julianclarkson/Documents/Dragonflyone/node_modules/.pnpm/next@14.2.34_@babel+core@7.28.5_@opentelemetry+api@1.9.0_@playwright+test@1.56.1_react-dom@18_7hgdyk63qyoywe26j4c7wzx2ra/node_modules/next/dist/server/load-manifest.js:36:52)
gvteway:build:     at requireFontManifest (/Users/julianclarkson/Documents/Dragonflyone/node_modules/.pnpm/next@14.2.34_@babel+core@7.28.5_@opentelemetry+api@1.9.0_@playwright+test@1.56.1_react-dom@18_7hgdyk63qyoywe26j4c7wzx2ra/node_modules/next/dist/server/require.js:117:57)
gvteway:build:     at exportPageImpl (/Users/julianclarkson/Documents/Dragonflyone/node_modules/.pnpm/next@14.2.34_@babel+core@7.28.5_@opentelemetry+api@1.9.0_@playwright+test@1.56.1_react-dom@18_7hgdyk63qyoywe26j4c7wzx2ra/node_modules/next/dist/export/worker.js:191:76)
gvteway:build:     at async Span.traceAsyncFn (/Users/julianclarkson/Documents/Dragonflyone/node_modules/.pnpm/next@14.2.34_@babel+core@7.28.5_@opentelemetry+api@1.9.0_@playwright+test@1.56.1_react-dom@18_7hgdyk63qyoywe26j4c7wzx2ra/node_modules/next/dist/trace/trace.js:154:20)
gvteway:build:     at async Object.exportPage (/Users/julianclarkson/Documents/Dragonflyone/node_modules/.pnpm/next@14.2.34_@babel+core@7.28.5_@opentelemetry+api@1.9.0_@playwright+test@1.56.1_react-dom@18_7hgdyk63qyoywe26j4c7wzx2ra/node_modules/next/dist/export/worker.js:237:20)
gvteway:build: 
gvteway:build: Error occurred prerendering page "/admin/sales-reporting". Read more: https://nextjs.org/docs/messages/prerender-error
gvteway:build: 
gvteway:build: Error: ENOENT: no such file or directory, open '/Users/julianclarkson/Documents/Dragonflyone/apps/gvteway/.next/server/font-manifest.json'
gvteway:build:     at readFileSync (node:fs:442:20)
gvteway:build:     at loadManifest (/Users/julianclarkson/Documents/Dragonflyone/node_modules/.pnpm/next@14.2.34_@babel+core@7.28.5_@opentelemetry+api@1.9.0_@playwright+test@1.56.1_react-dom@18_7hgdyk63qyoywe26j4c7wzx2ra/node_modules/next/dist/server/load-manifest.js:36:52)
gvteway:build:     at requireFontManifest (/Users/julianclarkson/Documents/Dragonflyone/node_modules/.pnpm/next@14.2.34_@babel+core@7.28.5_@opentelemetry+api@1.9.0_@playwright+test@1.56.1_react-dom@18_7hgdyk63qyoywe26j4c7wzx2ra/node_modules/next/dist/server/require.js:117:57)
gvteway:build:     at exportPageImpl (/Users/julianclarkson/Documents/Dragonflyone/node_modules/.pnpm/next@14.2.34_@babel+core@7.28.5_@opentelemetry+api@1.9.0_@playwright+test@1.56.1_react-dom@18_7hgdyk63qyoywe26j4c7wzx2ra/node_modules/next/dist/export/worker.js:191:76)
gvteway:build:     at async Span.traceAsyncFn (/Users/julianclarkson/Documents/Dragonflyone/node_modules/.pnpm/next@14.2.34_@babel+core@7.28.5_@opentelemetry+api@1.9.0_@playwright+test@1.56.1_react-dom@18_7hgdyk63qyoywe26j4c7wzx2ra/node_modules/next/dist/trace/trace.js:154:20)
gvteway:build:     at async Object.exportPage (/Users/julianclarkson/Documents/Dragonflyone/node_modules/.pnpm/next@14.2.34_@babel+core@7.28.5_@opentelemetry+api@1.9.0_@playwright+test@1.56.1_react-dom@18_7hgdyk63qyoywe26j4c7wzx2ra/node_modules/next/dist/export/worker.js:237:20)
gvteway:build: 
gvteway:build: Error occurred prerendering page "/admin/promo-codes". Read more: https://nextjs.org/docs/messages/prerender-error
gvteway:build: 
gvteway:build: Error: ENOENT: no such file or directory, open '/Users/julianclarkson/Documents/Dragonflyone/apps/gvteway/.next/server/font-manifest.json'
gvteway:build:     at readFileSync (node:fs:442:20)
gvteway:build:     at loadManifest (/Users/julianclarkson/Documents/Dragonflyone/node_modules/.pnpm/next@14.2.34_@babel+core@7.28.5_@opentelemetry+api@1.9.0_@playwright+test@1.56.1_react-dom@18_7hgdyk63qyoywe26j4c7wzx2ra/node_modules/next/dist/server/load-manifest.js:36:52)
gvteway:build:     at requireFontManifest (/Users/julianclarkson/Documents/Dragonflyone/node_modules/.pnpm/next@14.2.34_@babel+core@7.28.5_@opentelemetry+api@1.9.0_@playwright+test@1.56.1_react-dom@18_7hgdyk63qyoywe26j4c7wzx2ra/node_modules/next/dist/server/require.js:117:57)
gvteway:build:     at exportPageImpl (/Users/julianclarkson/Documents/Dragonflyone/node_modules/.pnpm/next@14.2.34_@babel+core@7.28.5_@opentelemetry+api@1.9.0_@playwright+test@1.56.1_react-dom@18_7hgdyk63qyoywe26j4c7wzx2ra/node_modules/next/dist/export/worker.js:191:76)
gvteway:build:     at async Span.traceAsyncFn (/Users/julianclarkson/Documents/Dragonflyone/node_modules/.pnpm/next@14.2.34_@babel+core@7.28.5_@opentelemetry+api@1.9.0_@playwright+test@1.56.1_react-dom@18_7hgdyk63qyoywe26j4c7wzx2ra/node_modules/next/dist/trace/trace.js:154:20)
gvteway:build:     at async Object.exportPage (/Users/julianclarkson/Documents/Dragonflyone/node_modules/.pnpm/next@14.2.34_@babel+core@7.28.5_@opentelemetry+api@1.9.0_@playwright+test@1.56.1_react-dom@18_7hgdyk63qyoywe26j4c7wzx2ra/node_modules/next/dist/export/worker.js:237:20)
gvteway:build: 
gvteway:build: Error occurred prerendering page "/admin/will-call". Read more: https://nextjs.org/docs/messages/prerender-error
gvteway:build: 
gvteway:build: Error: ENOENT: no such file or directory, open '/Users/julianclarkson/Documents/Dragonflyone/apps/gvteway/.next/server/font-manifest.json'
gvteway:build:     at readFileSync (node:fs:442:20)
gvteway:build:     at loadManifest (/Users/julianclarkson/Documents/Dragonflyone/node_modules/.pnpm/next@14.2.34_@babel+core@7.28.5_@opentelemetry+api@1.9.0_@playwright+test@1.56.1_react-dom@18_7hgdyk63qyoywe26j4c7wzx2ra/node_modules/next/dist/server/load-manifest.js:36:52)
gvteway:build:     at requireFontManifest (/Users/julianclarkson/Documents/Dragonflyone/node_modules/.pnpm/next@14.2.34_@babel+core@7.28.5_@opentelemetry+api@1.9.0_@playwright+test@1.56.1_react-dom@18_7hgdyk63qyoywe26j4c7wzx2ra/node_modules/next/dist/server/require.js:117:57)
gvteway:build:     at exportPageImpl (/Users/julianclarkson/Documents/Dragonflyone/node_modules/.pnpm/next@14.2.34_@babel+core@7.28.5_@opentelemetry+api@1.9.0_@playwright+test@1.56.1_react-dom@18_7hgdyk63qyoywe26j4c7wzx2ra/node_modules/next/dist/export/worker.js:191:76)
gvteway:build:     at async Span.traceAsyncFn (/Users/julianclarkson/Documents/Dragonflyone/node_modules/.pnpm/next@14.2.34_@babel+core@7.28.5_@opentelemetry+api@1.9.0_@playwright+test@1.56.1_react-dom@18_7hgdyk63qyoywe26j4c7wzx2ra/node_modules/next/dist/trace/trace.js:154:20)
gvteway:build:     at async Object.exportPage (/Users/julianclarkson/Documents/Dragonflyone/node_modules/.pnpm/next@14.2.34_@babel+core@7.28.5_@opentelemetry+api@1.9.0_@playwright+test@1.56.1_react-dom@18_7hgdyk63qyoywe26j4c7wzx2ra/node_modules/next/dist/export/worker.js:237:20)
gvteway:build: 
gvteway:build: Error occurred prerendering page "/apply/confirmation". Read more: https://nextjs.org/docs/messages/prerender-error
gvteway:build: 
gvteway:build: Error: ENOENT: no such file or directory, open '/Users/julianclarkson/Documents/Dragonflyone/apps/gvteway/.next/server/font-manifest.json'
gvteway:build:     at readFileSync (node:fs:442:20)
gvteway:build:     at loadManifest (/Users/julianclarkson/Documents/Dragonflyone/node_modules/.pnpm/next@14.2.34_@babel+core@7.28.5_@opentelemetry+api@1.9.0_@playwright+test@1.56.1_react-dom@18_7hgdyk63qyoywe26j4c7wzx2ra/node_modules/next/dist/server/load-manifest.js:36:52)
gvteway:build:     at requireFontManifest (/Users/julianclarkson/Documents/Dragonflyone/node_modules/.pnpm/next@14.2.34_@babel+core@7.28.5_@opentelemetry+api@1.9.0_@playwright+test@1.56.1_react-dom@18_7hgdyk63qyoywe26j4c7wzx2ra/node_modules/next/dist/server/require.js:117:57)
gvteway:build:     at exportPageImpl (/Users/julianclarkson/Documents/Dragonflyone/node_modules/.pnpm/next@14.2.34_@babel+core@7.28.5_@opentelemetry+api@1.9.0_@playwright+test@1.56.1_react-dom@18_7hgdyk63qyoywe26j4c7wzx2ra/node_modules/next/dist/export/worker.js:191:76)
gvteway:build:     at async Span.traceAsyncFn (/Users/julianclarkson/Documents/Dragonflyone/node_modules/.pnpm/next@14.2.34_@babel+core@7.28.5_@opentelemetry+api@1.9.0_@playwright+test@1.56.1_react-dom@18_7hgdyk63qyoywe26j4c7wzx2ra/node_modules/next/dist/trace/trace.js:154:20)
gvteway:build:     at async Object.exportPage (/Users/julianclarkson/Documents/Dragonflyone/node_modules/.pnpm/next@14.2.34_@babel+core@7.28.5_@opentelemetry+api@1.9.0_@playwright+test@1.56.1_react-dom@18_7hgdyk63qyoywe26j4c7wzx2ra/node_modules/next/dist/export/worker.js:237:20)
gvteway:build: 
gvteway:build: Error occurred prerendering page "/apply". Read more: https://nextjs.org/docs/messages/prerender-error
gvteway:build: 
gvteway:build: Error: ENOENT: no such file or directory, open '/Users/julianclarkson/Documents/Dragonflyone/apps/gvteway/.next/server/font-manifest.json'
gvteway:build:     at readFileSync (node:fs:442:20)
gvteway:build:     at loadManifest (/Users/julianclarkson/Documents/Dragonflyone/node_modules/.pnpm/next@14.2.34_@babel+core@7.28.5_@opentelemetry+api@1.9.0_@playwright+test@1.56.1_react-dom@18_7hgdyk63qyoywe26j4c7wzx2ra/node_modules/next/dist/server/load-manifest.js:36:52)
gvteway:build:     at requireFontManifest (/Users/julianclarkson/Documents/Dragonflyone/node_modules/.pnpm/next@14.2.34_@babel+core@7.28.5_@opentelemetry+api@1.9.0_@playwright+test@1.56.1_react-dom@18_7hgdyk63qyoywe26j4c7wzx2ra/node_modules/next/dist/server/require.js:117:57)
gvteway:build:     at exportPageImpl (/Users/julianclarkson/Documents/Dragonflyone/node_modules/.pnpm/next@14.2.34_@babel+core@7.28.5_@opentelemetry+api@1.9.0_@playwright+test@1.56.1_react-dom@18_7hgdyk63qyoywe26j4c7wzx2ra/node_modules/next/dist/export/worker.js:191:76)
gvteway:build:     at async Span.traceAsyncFn (/Users/julianclarkson/Documents/Dragonflyone/node_modules/.pnpm/next@14.2.34_@babel+core@7.28.5_@opentelemetry+api@1.9.0_@playwright+test@1.56.1_react-dom@18_7hgdyk63qyoywe26j4c7wzx2ra/node_modules/next/dist/trace/trace.js:154:20)
gvteway:build:     at async Object.exportPage (/Users/julianclarkson/Documents/Dragonflyone/node_modules/.pnpm/next@14.2.34_@babel+core@7.28.5_@opentelemetry+api@1.9.0_@playwright+test@1.56.1_react-dom@18_7hgdyk63qyoywe26j4c7wzx2ra/node_modules/next/dist/export/worker.js:237:20)
gvteway:build: 
gvteway:build: Error occurred prerendering page "/artists". Read more: https://nextjs.org/docs/messages/prerender-error
gvteway:build: 
gvteway:build: Error: ENOENT: no such file or directory, open '/Users/julianclarkson/Documents/Dragonflyone/apps/gvteway/.next/server/font-manifest.json'
gvteway:build:     at readFileSync (node:fs:442:20)
gvteway:build:     at loadManifest (/Users/julianclarkson/Documents/Dragonflyone/node_modules/.pnpm/next@14.2.34_@babel+core@7.28.5_@opentelemetry+api@1.9.0_@playwright+test@1.56.1_react-dom@18_7hgdyk63qyoywe26j4c7wzx2ra/node_modules/next/dist/server/load-manifest.js:36:52)
gvteway:build:     at requireFontManifest (/Users/julianclarkson/Documents/Dragonflyone/node_modules/.pnpm/next@14.2.34_@babel+core@7.28.5_@opentelemetry+api@1.9.0_@playwright+test@1.56.1_react-dom@18_7hgdyk63qyoywe26j4c7wzx2ra/node_modules/next/dist/server/require.js:117:57)
gvteway:build:     at exportPageImpl (/Users/julianclarkson/Documents/Dragonflyone/node_modules/.pnpm/next@14.2.34_@babel+core@7.28.5_@opentelemetry+api@1.9.0_@playwright+test@1.56.1_react-dom@18_7hgdyk63qyoywe26j4c7wzx2ra/node_modules/next/dist/export/worker.js:191:76)
gvteway:build:     at async Span.traceAsyncFn (/Users/julianclarkson/Documents/Dragonflyone/node_modules/.pnpm/next@14.2.34_@babel+core@7.28.5_@opentelemetry+api@1.9.0_@playwright+test@1.56.1_react-dom@18_7hgdyk63qyoywe26j4c7wzx2ra/node_modules/next/dist/trace/trace.js:154:20)
gvteway:build:     at async Object.exportPage (/Users/julianclarkson/Documents/Dragonflyone/node_modules/.pnpm/next@14.2.34_@babel+core@7.28.5_@opentelemetry+api@1.9.0_@playwright+test@1.56.1_react-dom@18_7hgdyk63qyoywe26j4c7wzx2ra/node_modules/next/dist/export/worker.js:237:20)
gvteway:build: 
gvteway:build: Error occurred prerendering page "/auth/forgot-password". Read more: https://nextjs.org/docs/messages/prerender-error
gvteway:build: 
gvteway:build: Error: ENOENT: no such file or directory, open '/Users/julianclarkson/Documents/Dragonflyone/apps/gvteway/.next/server/font-manifest.json'
gvteway:build:     at readFileSync (node:fs:442:20)
gvteway:build:     at loadManifest (/Users/julianclarkson/Documents/Dragonflyone/node_modules/.pnpm/next@14.2.34_@babel+core@7.28.5_@opentelemetry+api@1.9.0_@playwright+test@1.56.1_react-dom@18_7hgdyk63qyoywe26j4c7wzx2ra/node_modules/next/dist/server/load-manifest.js:36:52)
gvteway:build:     at requireFontManifest (/Users/julianclarkson/Documents/Dragonflyone/node_modules/.pnpm/next@14.2.34_@babel+core@7.28.5_@opentelemetry+api@1.9.0_@playwright+test@1.56.1_react-dom@18_7hgdyk63qyoywe26j4c7wzx2ra/node_modules/next/dist/server/require.js:117:57)
gvteway:build:     at exportPageImpl (/Users/julianclarkson/Documents/Dragonflyone/node_modules/.pnpm/next@14.2.34_@babel+core@7.28.5_@opentelemetry+api@1.9.0_@playwright+test@1.56.1_react-dom@18_7hgdyk63qyoywe26j4c7wzx2ra/node_modules/next/dist/export/worker.js:191:76)
gvteway:build:     at async Span.traceAsyncFn (/Users/julianclarkson/Documents/Dragonflyone/node_modules/.pnpm/next@14.2.34_@babel+core@7.28.5_@opentelemetry+api@1.9.0_@playwright+test@1.56.1_react-dom@18_7hgdyk63qyoywe26j4c7wzx2ra/node_modules/next/dist/trace/trace.js:154:20)
gvteway:build:     at async Object.exportPage (/Users/julianclarkson/Documents/Dragonflyone/node_modules/.pnpm/next@14.2.34_@babel+core@7.28.5_@opentelemetry+api@1.9.0_@playwright+test@1.56.1_react-dom@18_7hgdyk63qyoywe26j4c7wzx2ra/node_modules/next/dist/export/worker.js:237:20)
gvteway:build: 
gvteway:build: Error occurred prerendering page "/auth/reset-password". Read more: https://nextjs.org/docs/messages/prerender-error
gvteway:build: 
gvteway:build: Error: ENOENT: no such file or directory, open '/Users/julianclarkson/Documents/Dragonflyone/apps/gvteway/.next/server/font-manifest.json'
gvteway:build:     at readFileSync (node:fs:442:20)
gvteway:build:     at loadManifest (/Users/julianclarkson/Documents/Dragonflyone/node_modules/.pnpm/next@14.2.34_@babel+core@7.28.5_@opentelemetry+api@1.9.0_@playwright+test@1.56.1_react-dom@18_7hgdyk63qyoywe26j4c7wzx2ra/node_modules/next/dist/server/load-manifest.js:36:52)
gvteway:build:     at requireFontManifest (/Users/julianclarkson/Documents/Dragonflyone/node_modules/.pnpm/next@14.2.34_@babel+core@7.28.5_@opentelemetry+api@1.9.0_@playwright+test@1.56.1_react-dom@18_7hgdyk63qyoywe26j4c7wzx2ra/node_modules/next/dist/server/require.js:117:57)
gvteway:build:     at exportPageImpl (/Users/julianclarkson/Documents/Dragonflyone/node_modules/.pnpm/next@14.2.34_@babel+core@7.28.5_@opentelemetry+api@1.9.0_@playwright+test@1.56.1_react-dom@18_7hgdyk63qyoywe26j4c7wzx2ra/node_modules/next/dist/export/worker.js:191:76)
gvteway:build:     at async Span.traceAsyncFn (/Users/julianclarkson/Documents/Dragonflyone/node_modules/.pnpm/next@14.2.34_@babel+core@7.28.5_@opentelemetry+api@1.9.0_@playwright+test@1.56.1_react-dom@18_7hgdyk63qyoywe26j4c7wzx2ra/node_modules/next/dist/trace/trace.js:154:20)
gvteway:build:     at async Object.exportPage (/Users/julianclarkson/Documents/Dragonflyone/node_modules/.pnpm/next@14.2.34_@babel+core@7.28.5_@opentelemetry+api@1.9.0_@playwright+test@1.56.1_react-dom@18_7hgdyk63qyoywe26j4c7wzx2ra/node_modules/next/dist/export/worker.js:237:20)
gvteway:build: 
gvteway:build: Error occurred prerendering page "/auth/magic-link". Read more: https://nextjs.org/docs/messages/prerender-error
gvteway:build: 
gvteway:build: Error: ENOENT: no such file or directory, open '/Users/julianclarkson/Documents/Dragonflyone/apps/gvteway/.next/server/font-manifest.json'
gvteway:build:     at readFileSync (node:fs:442:20)
gvteway:build:     at loadManifest (/Users/julianclarkson/Documents/Dragonflyone/node_modules/.pnpm/next@14.2.34_@babel+core@7.28.5_@opentelemetry+api@1.9.0_@playwright+test@1.56.1_react-dom@18_7hgdyk63qyoywe26j4c7wzx2ra/node_modules/next/dist/server/load-manifest.js:36:52)
gvteway:build:     at requireFontManifest (/Users/julianclarkson/Documents/Dragonflyone/node_modules/.pnpm/next@14.2.34_@babel+core@7.28.5_@opentelemetry+api@1.9.0_@playwright+test@1.56.1_react-dom@18_7hgdyk63qyoywe26j4c7wzx2ra/node_modules/next/dist/server/require.js:117:57)
gvteway:build:     at exportPageImpl (/Users/julianclarkson/Documents/Dragonflyone/node_modules/.pnpm/next@14.2.34_@babel+core@7.28.5_@opentelemetry+api@1.9.0_@playwright+test@1.56.1_react-dom@18_7hgdyk63qyoywe26j4c7wzx2ra/node_modules/next/dist/export/worker.js:191:76)
gvteway:build:     at async Span.traceAsyncFn (/Users/julianclarkson/Documents/Dragonflyone/node_modules/.pnpm/next@14.2.34_@babel+core@7.28.5_@opentelemetry+api@1.9.0_@playwright+test@1.56.1_react-dom@18_7hgdyk63qyoywe26j4c7wzx2ra/node_modules/next/dist/trace/trace.js:154:20)
gvteway:build:     at async Object.exportPage (/Users/julianclarkson/Documents/Dragonflyone/node_modules/.pnpm/next@14.2.34_@babel+core@7.28.5_@opentelemetry+api@1.9.0_@playwright+test@1.56.1_react-dom@18_7hgdyk63qyoywe26j4c7wzx2ra/node_modules/next/dist/export/worker.js:237:20)
gvteway:build:    Generating static pages (34/138) 
gvteway:build: 
gvteway:build: Error occurred prerendering page "/auth/signin". Read more: https://nextjs.org/docs/messages/prerender-error
gvteway:build: 
gvteway:build: Error: ENOENT: no such file or directory, open '/Users/julianclarkson/Documents/Dragonflyone/apps/gvteway/.next/server/font-manifest.json'
gvteway:build:     at readFileSync (node:fs:442:20)
gvteway:build:     at loadManifest (/Users/julianclarkson/Documents/Dragonflyone/node_modules/.pnpm/next@14.2.34_@babel+core@7.28.5_@opentelemetry+api@1.9.0_@playwright+test@1.56.1_react-dom@18_7hgdyk63qyoywe26j4c7wzx2ra/node_modules/next/dist/server/load-manifest.js:36:52)
gvteway:build:     at requireFontManifest (/Users/julianclarkson/Documents/Dragonflyone/node_modules/.pnpm/next@14.2.34_@babel+core@7.28.5_@opentelemetry+api@1.9.0_@playwright+test@1.56.1_react-dom@18_7hgdyk63qyoywe26j4c7wzx2ra/node_modules/next/dist/server/require.js:117:57)
gvteway:build:     at exportPageImpl (/Users/julianclarkson/Documents/Dragonflyone/node_modules/.pnpm/next@14.2.34_@babel+core@7.28.5_@opentelemetry+api@1.9.0_@playwright+test@1.56.1_react-dom@18_7hgdyk63qyoywe26j4c7wzx2ra/node_modules/next/dist/export/worker.js:191:76)
gvteway:build:     at async Span.traceAsyncFn (/Users/julianclarkson/Documents/Dragonflyone/node_modules/.pnpm/next@14.2.34_@babel+core@7.28.5_@opentelemetry+api@1.9.0_@playwright+test@1.56.1_react-dom@18_7hgdyk63qyoywe26j4c7wzx2ra/node_modules/next/dist/trace/trace.js:154:20)
gvteway:build:     at async Object.exportPage (/Users/julianclarkson/Documents/Dragonflyone/node_modules/.pnpm/next@14.2.34_@babel+core@7.28.5_@opentelemetry+api@1.9.0_@playwright+test@1.56.1_react-dom@18_7hgdyk63qyoywe26j4c7wzx2ra/node_modules/next/dist/export/worker.js:237:20)
gvteway:build: 
gvteway:build: Error occurred prerendering page "/auth/signup". Read more: https://nextjs.org/docs/messages/prerender-error
gvteway:build: 
gvteway:build: Error: ENOENT: no such file or directory, open '/Users/julianclarkson/Documents/Dragonflyone/apps/gvteway/.next/server/font-manifest.json'
gvteway:build:     at readFileSync (node:fs:442:20)
gvteway:build:     at loadManifest (/Users/julianclarkson/Documents/Dragonflyone/node_modules/.pnpm/next@14.2.34_@babel+core@7.28.5_@opentelemetry+api@1.9.0_@playwright+test@1.56.1_react-dom@18_7hgdyk63qyoywe26j4c7wzx2ra/node_modules/next/dist/server/load-manifest.js:36:52)
gvteway:build:     at requireFontManifest (/Users/julianclarkson/Documents/Dragonflyone/node_modules/.pnpm/next@14.2.34_@babel+core@7.28.5_@opentelemetry+api@1.9.0_@playwright+test@1.56.1_react-dom@18_7hgdyk63qyoywe26j4c7wzx2ra/node_modules/next/dist/server/require.js:117:57)
gvteway:build:     at exportPageImpl (/Users/julianclarkson/Documents/Dragonflyone/node_modules/.pnpm/next@14.2.34_@babel+core@7.28.5_@opentelemetry+api@1.9.0_@playwright+test@1.56.1_react-dom@18_7hgdyk63qyoywe26j4c7wzx2ra/node_modules/next/dist/export/worker.js:191:76)
gvteway:build:     at async Span.traceAsyncFn (/Users/julianclarkson/Documents/Dragonflyone/node_modules/.pnpm/next@14.2.34_@babel+core@7.28.5_@opentelemetry+api@1.9.0_@playwright+test@1.56.1_react-dom@18_7hgdyk63qyoywe26j4c7wzx2ra/node_modules/next/dist/trace/trace.js:154:20)
gvteway:build:     at async Object.exportPage (/Users/julianclarkson/Documents/Dragonflyone/node_modules/.pnpm/next@14.2.34_@babel+core@7.28.5_@opentelemetry+api@1.9.0_@playwright+test@1.56.1_react-dom@18_7hgdyk63qyoywe26j4c7wzx2ra/node_modules/next/dist/export/worker.js:237:20)
gvteway:build: 
gvteway:build: Error occurred prerendering page "/auth/verify-email". Read more: https://nextjs.org/docs/messages/prerender-error
gvteway:build: 
gvteway:build: Error: ENOENT: no such file or directory, open '/Users/julianclarkson/Documents/Dragonflyone/apps/gvteway/.next/server/font-manifest.json'
gvteway:build:     at readFileSync (node:fs:442:20)
gvteway:build:     at loadManifest (/Users/julianclarkson/Documents/Dragonflyone/node_modules/.pnpm/next@14.2.34_@babel+core@7.28.5_@opentelemetry+api@1.9.0_@playwright+test@1.56.1_react-dom@18_7hgdyk63qyoywe26j4c7wzx2ra/node_modules/next/dist/server/load-manifest.js:36:52)
gvteway:build:     at requireFontManifest (/Users/julianclarkson/Documents/Dragonflyone/node_modules/.pnpm/next@14.2.34_@babel+core@7.28.5_@opentelemetry+api@1.9.0_@playwright+test@1.56.1_react-dom@18_7hgdyk63qyoywe26j4c7wzx2ra/node_modules/next/dist/server/require.js:117:57)
gvteway:build:     at exportPageImpl (/Users/julianclarkson/Documents/Dragonflyone/node_modules/.pnpm/next@14.2.34_@babel+core@7.28.5_@opentelemetry+api@1.9.0_@playwright+test@1.56.1_react-dom@18_7hgdyk63qyoywe26j4c7wzx2ra/node_modules/next/dist/export/worker.js:191:76)
gvteway:build:     at async Span.traceAsyncFn (/Users/julianclarkson/Documents/Dragonflyone/node_modules/.pnpm/next@14.2.34_@babel+core@7.28.5_@opentelemetry+api@1.9.0_@playwright+test@1.56.1_react-dom@18_7hgdyk63qyoywe26j4c7wzx2ra/node_modules/next/dist/trace/trace.js:154:20)
gvteway:build:     at async Object.exportPage (/Users/julianclarkson/Documents/Dragonflyone/node_modules/.pnpm/next@14.2.34_@babel+core@7.28.5_@opentelemetry+api@1.9.0_@playwright+test@1.56.1_react-dom@18_7hgdyk63qyoywe26j4c7wzx2ra/node_modules/next/dist/export/worker.js:237:20)
gvteway:build: 
gvteway:build: Error occurred prerendering page "/browse". Read more: https://nextjs.org/docs/messages/prerender-error
gvteway:build: 
gvteway:build: Error: ENOENT: no such file or directory, open '/Users/julianclarkson/Documents/Dragonflyone/apps/gvteway/.next/server/font-manifest.json'
gvteway:build:     at readFileSync (node:fs:442:20)
gvteway:build:     at loadManifest (/Users/julianclarkson/Documents/Dragonflyone/node_modules/.pnpm/next@14.2.34_@babel+core@7.28.5_@opentelemetry+api@1.9.0_@playwright+test@1.56.1_react-dom@18_7hgdyk63qyoywe26j4c7wzx2ra/node_modules/next/dist/server/load-manifest.js:36:52)
gvteway:build:     at requireFontManifest (/Users/julianclarkson/Documents/Dragonflyone/node_modules/.pnpm/next@14.2.34_@babel+core@7.28.5_@opentelemetry+api@1.9.0_@playwright+test@1.56.1_react-dom@18_7hgdyk63qyoywe26j4c7wzx2ra/node_modules/next/dist/server/require.js:117:57)
gvteway:build:     at exportPageImpl (/Users/julianclarkson/Documents/Dragonflyone/node_modules/.pnpm/next@14.2.34_@babel+core@7.28.5_@opentelemetry+api@1.9.0_@playwright+test@1.56.1_react-dom@18_7hgdyk63qyoywe26j4c7wzx2ra/node_modules/next/dist/export/worker.js:191:76)
gvteway:build:     at async Span.traceAsyncFn (/Users/julianclarkson/Documents/Dragonflyone/node_modules/.pnpm/next@14.2.34_@babel+core@7.28.5_@opentelemetry+api@1.9.0_@playwright+test@1.56.1_react-dom@18_7hgdyk63qyoywe26j4c7wzx2ra/node_modules/next/dist/trace/trace.js:154:20)
gvteway:build:     at async Object.exportPage (/Users/julianclarkson/Documents/Dragonflyone/node_modules/.pnpm/next@14.2.34_@babel+core@7.28.5_@opentelemetry+api@1.9.0_@playwright+test@1.56.1_react-dom@18_7hgdyk63qyoywe26j4c7wzx2ra/node_modules/next/dist/export/worker.js:237:20)
gvteway:build: 
gvteway:build: Error occurred prerendering page "/calendar". Read more: https://nextjs.org/docs/messages/prerender-error
gvteway:build: 
gvteway:build: Error: ENOENT: no such file or directory, open '/Users/julianclarkson/Documents/Dragonflyone/apps/gvteway/.next/server/font-manifest.json'
gvteway:build:     at readFileSync (node:fs:442:20)
gvteway:build:     at loadManifest (/Users/julianclarkson/Documents/Dragonflyone/node_modules/.pnpm/next@14.2.34_@babel+core@7.28.5_@opentelemetry+api@1.9.0_@playwright+test@1.56.1_react-dom@18_7hgdyk63qyoywe26j4c7wzx2ra/node_modules/next/dist/server/load-manifest.js:36:52)
gvteway:build:     at requireFontManifest (/Users/julianclarkson/Documents/Dragonflyone/node_modules/.pnpm/next@14.2.34_@babel+core@7.28.5_@opentelemetry+api@1.9.0_@playwright+test@1.56.1_react-dom@18_7hgdyk63qyoywe26j4c7wzx2ra/node_modules/next/dist/server/require.js:117:57)
gvteway:build:     at exportPageImpl (/Users/julianclarkson/Documents/Dragonflyone/node_modules/.pnpm/next@14.2.34_@babel+core@7.28.5_@opentelemetry+api@1.9.0_@playwright+test@1.56.1_react-dom@18_7hgdyk63qyoywe26j4c7wzx2ra/node_modules/next/dist/export/worker.js:191:76)
gvteway:build:     at async Span.traceAsyncFn (/Users/julianclarkson/Documents/Dragonflyone/node_modules/.pnpm/next@14.2.34_@babel+core@7.28.5_@opentelemetry+api@1.9.0_@playwright+test@1.56.1_react-dom@18_7hgdyk63qyoywe26j4c7wzx2ra/node_modules/next/dist/trace/trace.js:154:20)
gvteway:build:     at async Object.exportPage (/Users/julianclarkson/Documents/Dragonflyone/node_modules/.pnpm/next@14.2.34_@babel+core@7.28.5_@opentelemetry+api@1.9.0_@playwright+test@1.56.1_react-dom@18_7hgdyk63qyoywe26j4c7wzx2ra/node_modules/next/dist/export/worker.js:237:20)
gvteway:build: 
gvteway:build: Error occurred prerendering page "/cart". Read more: https://nextjs.org/docs/messages/prerender-error
gvteway:build: 
gvteway:build: Error: ENOENT: no such file or directory, open '/Users/julianclarkson/Documents/Dragonflyone/apps/gvteway/.next/server/font-manifest.json'
gvteway:build:     at readFileSync (node:fs:442:20)
gvteway:build:     at loadManifest (/Users/julianclarkson/Documents/Dragonflyone/node_modules/.pnpm/next@14.2.34_@babel+core@7.28.5_@opentelemetry+api@1.9.0_@playwright+test@1.56.1_react-dom@18_7hgdyk63qyoywe26j4c7wzx2ra/node_modules/next/dist/server/load-manifest.js:36:52)
gvteway:build:     at requireFontManifest (/Users/julianclarkson/Documents/Dragonflyone/node_modules/.pnpm/next@14.2.34_@babel+core@7.28.5_@opentelemetry+api@1.9.0_@playwright+test@1.56.1_react-dom@18_7hgdyk63qyoywe26j4c7wzx2ra/node_modules/next/dist/server/require.js:117:57)
gvteway:build:     at exportPageImpl (/Users/julianclarkson/Documents/Dragonflyone/node_modules/.pnpm/next@14.2.34_@babel+core@7.28.5_@opentelemetry+api@1.9.0_@playwright+test@1.56.1_react-dom@18_7hgdyk63qyoywe26j4c7wzx2ra/node_modules/next/dist/export/worker.js:191:76)
gvteway:build:     at async Span.traceAsyncFn (/Users/julianclarkson/Documents/Dragonflyone/node_modules/.pnpm/next@14.2.34_@babel+core@7.28.5_@opentelemetry+api@1.9.0_@playwright+test@1.56.1_react-dom@18_7hgdyk63qyoywe26j4c7wzx2ra/node_modules/next/dist/trace/trace.js:154:20)
gvteway:build:     at async Object.exportPage (/Users/julianclarkson/Documents/Dragonflyone/node_modules/.pnpm/next@14.2.34_@babel+core@7.28.5_@opentelemetry+api@1.9.0_@playwright+test@1.56.1_react-dom@18_7hgdyk63qyoywe26j4c7wzx2ra/node_modules/next/dist/export/worker.js:237:20)
gvteway:build: 
gvteway:build: Error occurred prerendering page "/checkout/currency". Read more: https://nextjs.org/docs/messages/prerender-error
gvteway:build: 
gvteway:build: Error: ENOENT: no such file or directory, open '/Users/julianclarkson/Documents/Dragonflyone/apps/gvteway/.next/server/font-manifest.json'
gvteway:build:     at readFileSync (node:fs:442:20)
gvteway:build:     at loadManifest (/Users/julianclarkson/Documents/Dragonflyone/node_modules/.pnpm/next@14.2.34_@babel+core@7.28.5_@opentelemetry+api@1.9.0_@playwright+test@1.56.1_react-dom@18_7hgdyk63qyoywe26j4c7wzx2ra/node_modules/next/dist/server/load-manifest.js:36:52)
gvteway:build:     at requireFontManifest (/Users/julianclarkson/Documents/Dragonflyone/node_modules/.pnpm/next@14.2.34_@babel+core@7.28.5_@opentelemetry+api@1.9.0_@playwright+test@1.56.1_react-dom@18_7hgdyk63qyoywe26j4c7wzx2ra/node_modules/next/dist/server/require.js:117:57)
gvteway:build:     at exportPageImpl (/Users/julianclarkson/Documents/Dragonflyone/node_modules/.pnpm/next@14.2.34_@babel+core@7.28.5_@opentelemetry+api@1.9.0_@playwright+test@1.56.1_react-dom@18_7hgdyk63qyoywe26j4c7wzx2ra/node_modules/next/dist/export/worker.js:191:76)
gvteway:build:     at async Span.traceAsyncFn (/Users/julianclarkson/Documents/Dragonflyone/node_modules/.pnpm/next@14.2.34_@babel+core@7.28.5_@opentelemetry+api@1.9.0_@playwright+test@1.56.1_react-dom@18_7hgdyk63qyoywe26j4c7wzx2ra/node_modules/next/dist/trace/trace.js:154:20)
gvteway:build:     at async Object.exportPage (/Users/julianclarkson/Documents/Dragonflyone/node_modules/.pnpm/next@14.2.34_@babel+core@7.28.5_@opentelemetry+api@1.9.0_@playwright+test@1.56.1_react-dom@18_7hgdyk63qyoywe26j4c7wzx2ra/node_modules/next/dist/export/worker.js:237:20)
gvteway:build: 
gvteway:build: Error occurred prerendering page "/checkout". Read more: https://nextjs.org/docs/messages/prerender-error
gvteway:build: 
gvteway:build: Error: ENOENT: no such file or directory, open '/Users/julianclarkson/Documents/Dragonflyone/apps/gvteway/.next/server/font-manifest.json'
gvteway:build:     at readFileSync (node:fs:442:20)
gvteway:build:     at loadManifest (/Users/julianclarkson/Documents/Dragonflyone/node_modules/.pnpm/next@14.2.34_@babel+core@7.28.5_@opentelemetry+api@1.9.0_@playwright+test@1.56.1_react-dom@18_7hgdyk63qyoywe26j4c7wzx2ra/node_modules/next/dist/server/load-manifest.js:36:52)
gvteway:build:     at requireFontManifest (/Users/julianclarkson/Documents/Dragonflyone/node_modules/.pnpm/next@14.2.34_@babel+core@7.28.5_@opentelemetry+api@1.9.0_@playwright+test@1.56.1_react-dom@18_7hgdyk63qyoywe26j4c7wzx2ra/node_modules/next/dist/server/require.js:117:57)
gvteway:build:     at exportPageImpl (/Users/julianclarkson/Documents/Dragonflyone/node_modules/.pnpm/next@14.2.34_@babel+core@7.28.5_@opentelemetry+api@1.9.0_@playwright+test@1.56.1_react-dom@18_7hgdyk63qyoywe26j4c7wzx2ra/node_modules/next/dist/export/worker.js:191:76)
gvteway:build:     at async Span.traceAsyncFn (/Users/julianclarkson/Documents/Dragonflyone/node_modules/.pnpm/next@14.2.34_@babel+core@7.28.5_@opentelemetry+api@1.9.0_@playwright+test@1.56.1_react-dom@18_7hgdyk63qyoywe26j4c7wzx2ra/node_modules/next/dist/trace/trace.js:154:20)
gvteway:build:     at async Object.exportPage (/Users/julianclarkson/Documents/Dragonflyone/node_modules/.pnpm/next@14.2.34_@babel+core@7.28.5_@opentelemetry+api@1.9.0_@playwright+test@1.56.1_react-dom@18_7hgdyk63qyoywe26j4c7wzx2ra/node_modules/next/dist/export/worker.js:237:20)
gvteway:build: 
gvteway:build: Error occurred prerendering page "/community/challenges". Read more: https://nextjs.org/docs/messages/prerender-error
gvteway:build: 
gvteway:build: Error: ENOENT: no such file or directory, open '/Users/julianclarkson/Documents/Dragonflyone/apps/gvteway/.next/server/font-manifest.json'
gvteway:build:     at readFileSync (node:fs:442:20)
gvteway:build:     at loadManifest (/Users/julianclarkson/Documents/Dragonflyone/node_modules/.pnpm/next@14.2.34_@babel+core@7.28.5_@opentelemetry+api@1.9.0_@playwright+test@1.56.1_react-dom@18_7hgdyk63qyoywe26j4c7wzx2ra/node_modules/next/dist/server/load-manifest.js:36:52)
gvteway:build:     at requireFontManifest (/Users/julianclarkson/Documents/Dragonflyone/node_modules/.pnpm/next@14.2.34_@babel+core@7.28.5_@opentelemetry+api@1.9.0_@playwright+test@1.56.1_react-dom@18_7hgdyk63qyoywe26j4c7wzx2ra/node_modules/next/dist/server/require.js:117:57)
gvteway:build:     at exportPageImpl (/Users/julianclarkson/Documents/Dragonflyone/node_modules/.pnpm/next@14.2.34_@babel+core@7.28.5_@opentelemetry+api@1.9.0_@playwright+test@1.56.1_react-dom@18_7hgdyk63qyoywe26j4c7wzx2ra/node_modules/next/dist/export/worker.js:191:76)
gvteway:build:     at async Span.traceAsyncFn (/Users/julianclarkson/Documents/Dragonflyone/node_modules/.pnpm/next@14.2.34_@babel+core@7.28.5_@opentelemetry+api@1.9.0_@playwright+test@1.56.1_react-dom@18_7hgdyk63qyoywe26j4c7wzx2ra/node_modules/next/dist/trace/trace.js:154:20)
gvteway:build:     at async Object.exportPage (/Users/julianclarkson/Documents/Dragonflyone/node_modules/.pnpm/next@14.2.34_@babel+core@7.28.5_@opentelemetry+api@1.9.0_@playwright+test@1.56.1_react-dom@18_7hgdyk63qyoywe26j4c7wzx2ra/node_modules/next/dist/export/worker.js:237:20)
gvteway:build: 
gvteway:build: Error occurred prerendering page "/community/fan-content". Read more: https://nextjs.org/docs/messages/prerender-error
gvteway:build: 
gvteway:build: Error: ENOENT: no such file or directory, open '/Users/julianclarkson/Documents/Dragonflyone/apps/gvteway/.next/server/font-manifest.json'
gvteway:build:     at readFileSync (node:fs:442:20)
gvteway:build:     at loadManifest (/Users/julianclarkson/Documents/Dragonflyone/node_modules/.pnpm/next@14.2.34_@babel+core@7.28.5_@opentelemetry+api@1.9.0_@playwright+test@1.56.1_react-dom@18_7hgdyk63qyoywe26j4c7wzx2ra/node_modules/next/dist/server/load-manifest.js:36:52)
gvteway:build:     at requireFontManifest (/Users/julianclarkson/Documents/Dragonflyone/node_modules/.pnpm/next@14.2.34_@babel+core@7.28.5_@opentelemetry+api@1.9.0_@playwright+test@1.56.1_react-dom@18_7hgdyk63qyoywe26j4c7wzx2ra/node_modules/next/dist/server/require.js:117:57)
gvteway:build:     at exportPageImpl (/Users/julianclarkson/Documents/Dragonflyone/node_modules/.pnpm/next@14.2.34_@babel+core@7.28.5_@opentelemetry+api@1.9.0_@playwright+test@1.56.1_react-dom@18_7hgdyk63qyoywe26j4c7wzx2ra/node_modules/next/dist/export/worker.js:191:76)
gvteway:build:     at async Span.traceAsyncFn (/Users/julianclarkson/Documents/Dragonflyone/node_modules/.pnpm/next@14.2.34_@babel+core@7.28.5_@opentelemetry+api@1.9.0_@playwright+test@1.56.1_react-dom@18_7hgdyk63qyoywe26j4c7wzx2ra/node_modules/next/dist/trace/trace.js:154:20)
gvteway:build:     at async Object.exportPage (/Users/julianclarkson/Documents/Dragonflyone/node_modules/.pnpm/next@14.2.34_@babel+core@7.28.5_@opentelemetry+api@1.9.0_@playwright+test@1.56.1_react-dom@18_7hgdyk63qyoywe26j4c7wzx2ra/node_modules/next/dist/export/worker.js:237:20)
gvteway:build: 
gvteway:build: Error occurred prerendering page "/community/guidelines". Read more: https://nextjs.org/docs/messages/prerender-error
gvteway:build: 
gvteway:build: Error: ENOENT: no such file or directory, open '/Users/julianclarkson/Documents/Dragonflyone/apps/gvteway/.next/server/font-manifest.json'
gvteway:build:     at readFileSync (node:fs:442:20)
gvteway:build:     at loadManifest (/Users/julianclarkson/Documents/Dragonflyone/node_modules/.pnpm/next@14.2.34_@babel+core@7.28.5_@opentelemetry+api@1.9.0_@playwright+test@1.56.1_react-dom@18_7hgdyk63qyoywe26j4c7wzx2ra/node_modules/next/dist/server/load-manifest.js:36:52)
gvteway:build:     at requireFontManifest (/Users/julianclarkson/Documents/Dragonflyone/node_modules/.pnpm/next@14.2.34_@babel+core@7.28.5_@opentelemetry+api@1.9.0_@playwright+test@1.56.1_react-dom@18_7hgdyk63qyoywe26j4c7wzx2ra/node_modules/next/dist/server/require.js:117:57)
gvteway:build:     at exportPageImpl (/Users/julianclarkson/Documents/Dragonflyone/node_modules/.pnpm/next@14.2.34_@babel+core@7.28.5_@opentelemetry+api@1.9.0_@playwright+test@1.56.1_react-dom@18_7hgdyk63qyoywe26j4c7wzx2ra/node_modules/next/dist/export/worker.js:191:76)
gvteway:build:     at async Span.traceAsyncFn (/Users/julianclarkson/Documents/Dragonflyone/node_modules/.pnpm/next@14.2.34_@babel+core@7.28.5_@opentelemetry+api@1.9.0_@playwright+test@1.56.1_react-dom@18_7hgdyk63qyoywe26j4c7wzx2ra/node_modules/next/dist/trace/trace.js:154:20)
gvteway:build:     at async Object.exportPage (/Users/julianclarkson/Documents/Dragonflyone/node_modules/.pnpm/next@14.2.34_@babel+core@7.28.5_@opentelemetry+api@1.9.0_@playwright+test@1.56.1_react-dom@18_7hgdyk63qyoywe26j4c7wzx2ra/node_modules/next/dist/export/worker.js:237:20)
gvteway:build: 
gvteway:build: Error occurred prerendering page "/community/polls". Read more: https://nextjs.org/docs/messages/prerender-error
gvteway:build: 
gvteway:build: Error: ENOENT: no such file or directory, open '/Users/julianclarkson/Documents/Dragonflyone/apps/gvteway/.next/server/font-manifest.json'
gvteway:build:     at readFileSync (node:fs:442:20)
gvteway:build:     at loadManifest (/Users/julianclarkson/Documents/Dragonflyone/node_modules/.pnpm/next@14.2.34_@babel+core@7.28.5_@opentelemetry+api@1.9.0_@playwright+test@1.56.1_react-dom@18_7hgdyk63qyoywe26j4c7wzx2ra/node_modules/next/dist/server/load-manifest.js:36:52)
gvteway:build:     at requireFontManifest (/Users/julianclarkson/Documents/Dragonflyone/node_modules/.pnpm/next@14.2.34_@babel+core@7.28.5_@opentelemetry+api@1.9.0_@playwright+test@1.56.1_react-dom@18_7hgdyk63qyoywe26j4c7wzx2ra/node_modules/next/dist/server/require.js:117:57)
gvteway:build:     at exportPageImpl (/Users/julianclarkson/Documents/Dragonflyone/node_modules/.pnpm/next@14.2.34_@babel+core@7.28.5_@opentelemetry+api@1.9.0_@playwright+test@1.56.1_react-dom@18_7hgdyk63qyoywe26j4c7wzx2ra/node_modules/next/dist/export/worker.js:191:76)
gvteway:build:     at async Span.traceAsyncFn (/Users/julianclarkson/Documents/Dragonflyone/node_modules/.pnpm/next@14.2.34_@babel+core@7.28.5_@opentelemetry+api@1.9.0_@playwright+test@1.56.1_react-dom@18_7hgdyk63qyoywe26j4c7wzx2ra/node_modules/next/dist/trace/trace.js:154:20)
gvteway:build:     at async Object.exportPage (/Users/julianclarkson/Documents/Dragonflyone/node_modules/.pnpm/next@14.2.34_@babel+core@7.28.5_@opentelemetry+api@1.9.0_@playwright+test@1.56.1_react-dom@18_7hgdyk63qyoywe26j4c7wzx2ra/node_modules/next/dist/export/worker.js:237:20)
gvteway:build: 
gvteway:build: Error occurred prerendering page "/community". Read more: https://nextjs.org/docs/messages/prerender-error
gvteway:build: 
gvteway:build: Error: ENOENT: no such file or directory, open '/Users/julianclarkson/Documents/Dragonflyone/apps/gvteway/.next/server/font-manifest.json'
gvteway:build:     at readFileSync (node:fs:442:20)
gvteway:build:     at loadManifest (/Users/julianclarkson/Documents/Dragonflyone/node_modules/.pnpm/next@14.2.34_@babel+core@7.28.5_@opentelemetry+api@1.9.0_@playwright+test@1.56.1_react-dom@18_7hgdyk63qyoywe26j4c7wzx2ra/node_modules/next/dist/server/load-manifest.js:36:52)
gvteway:build:     at requireFontManifest (/Users/julianclarkson/Documents/Dragonflyone/node_modules/.pnpm/next@14.2.34_@babel+core@7.28.5_@opentelemetry+api@1.9.0_@playwright+test@1.56.1_react-dom@18_7hgdyk63qyoywe26j4c7wzx2ra/node_modules/next/dist/server/require.js:117:57)
gvteway:build:     at exportPageImpl (/Users/julianclarkson/Documents/Dragonflyone/node_modules/.pnpm/next@14.2.34_@babel+core@7.28.5_@opentelemetry+api@1.9.0_@playwright+test@1.56.1_react-dom@18_7hgdyk63qyoywe26j4c7wzx2ra/node_modules/next/dist/export/worker.js:191:76)
gvteway:build:     at async Span.traceAsyncFn (/Users/julianclarkson/Documents/Dragonflyone/node_modules/.pnpm/next@14.2.34_@babel+core@7.28.5_@opentelemetry+api@1.9.0_@playwright+test@1.56.1_react-dom@18_7hgdyk63qyoywe26j4c7wzx2ra/node_modules/next/dist/trace/trace.js:154:20)
gvteway:build:     at async Object.exportPage (/Users/julianclarkson/Documents/Dragonflyone/node_modules/.pnpm/next@14.2.34_@babel+core@7.28.5_@opentelemetry+api@1.9.0_@playwright+test@1.56.1_react-dom@18_7hgdyk63qyoywe26j4c7wzx2ra/node_modules/next/dist/export/worker.js:237:20)
gvteway:build: 
gvteway:build: Error occurred prerendering page "/confirmation". Read more: https://nextjs.org/docs/messages/prerender-error
gvteway:build: 
gvteway:build: Error: ENOENT: no such file or directory, open '/Users/julianclarkson/Documents/Dragonflyone/apps/gvteway/.next/server/font-manifest.json'
gvteway:build:     at readFileSync (node:fs:442:20)
gvteway:build:     at loadManifest (/Users/julianclarkson/Documents/Dragonflyone/node_modules/.pnpm/next@14.2.34_@babel+core@7.28.5_@opentelemetry+api@1.9.0_@playwright+test@1.56.1_react-dom@18_7hgdyk63qyoywe26j4c7wzx2ra/node_modules/next/dist/server/load-manifest.js:36:52)
gvteway:build:     at requireFontManifest (/Users/julianclarkson/Documents/Dragonflyone/node_modules/.pnpm/next@14.2.34_@babel+core@7.28.5_@opentelemetry+api@1.9.0_@playwright+test@1.56.1_react-dom@18_7hgdyk63qyoywe26j4c7wzx2ra/node_modules/next/dist/server/require.js:117:57)
gvteway:build:     at exportPageImpl (/Users/julianclarkson/Documents/Dragonflyone/node_modules/.pnpm/next@14.2.34_@babel+core@7.28.5_@opentelemetry+api@1.9.0_@playwright+test@1.56.1_react-dom@18_7hgdyk63qyoywe26j4c7wzx2ra/node_modules/next/dist/export/worker.js:191:76)
gvteway:build:     at async Span.traceAsyncFn (/Users/julianclarkson/Documents/Dragonflyone/node_modules/.pnpm/next@14.2.34_@babel+core@7.28.5_@opentelemetry+api@1.9.0_@playwright+test@1.56.1_react-dom@18_7hgdyk63qyoywe26j4c7wzx2ra/node_modules/next/dist/trace/trace.js:154:20)
gvteway:build:     at async Object.exportPage (/Users/julianclarkson/Documents/Dragonflyone/node_modules/.pnpm/next@14.2.34_@babel+core@7.28.5_@opentelemetry+api@1.9.0_@playwright+test@1.56.1_react-dom@18_7hgdyk63qyoywe26j4c7wzx2ra/node_modules/next/dist/export/worker.js:237:20)
gvteway:build: 
gvteway:build: Error occurred prerendering page "/content". Read more: https://nextjs.org/docs/messages/prerender-error
gvteway:build: 
gvteway:build: Error: ENOENT: no such file or directory, open '/Users/julianclarkson/Documents/Dragonflyone/apps/gvteway/.next/server/font-manifest.json'
gvteway:build:     at readFileSync (node:fs:442:20)
gvteway:build:     at loadManifest (/Users/julianclarkson/Documents/Dragonflyone/node_modules/.pnpm/next@14.2.34_@babel+core@7.28.5_@opentelemetry+api@1.9.0_@playwright+test@1.56.1_react-dom@18_7hgdyk63qyoywe26j4c7wzx2ra/node_modules/next/dist/server/load-manifest.js:36:52)
gvteway:build:     at requireFontManifest (/Users/julianclarkson/Documents/Dragonflyone/node_modules/.pnpm/next@14.2.34_@babel+core@7.28.5_@opentelemetry+api@1.9.0_@playwright+test@1.56.1_react-dom@18_7hgdyk63qyoywe26j4c7wzx2ra/node_modules/next/dist/server/require.js:117:57)
gvteway:build:     at exportPageImpl (/Users/julianclarkson/Documents/Dragonflyone/node_modules/.pnpm/next@14.2.34_@babel+core@7.28.5_@opentelemetry+api@1.9.0_@playwright+test@1.56.1_react-dom@18_7hgdyk63qyoywe26j4c7wzx2ra/node_modules/next/dist/export/worker.js:191:76)
gvteway:build:     at async Span.traceAsyncFn (/Users/julianclarkson/Documents/Dragonflyone/node_modules/.pnpm/next@14.2.34_@babel+core@7.28.5_@opentelemetry+api@1.9.0_@playwright+test@1.56.1_react-dom@18_7hgdyk63qyoywe26j4c7wzx2ra/node_modules/next/dist/trace/trace.js:154:20)
gvteway:build:     at async Object.exportPage (/Users/julianclarkson/Documents/Dragonflyone/node_modules/.pnpm/next@14.2.34_@babel+core@7.28.5_@opentelemetry+api@1.9.0_@playwright+test@1.56.1_react-dom@18_7hgdyk63qyoywe26j4c7wzx2ra/node_modules/next/dist/export/worker.js:237:20)
gvteway:build: 
gvteway:build: Error occurred prerendering page "/design-system". Read more: https://nextjs.org/docs/messages/prerender-error
gvteway:build: 
gvteway:build: Error: ENOENT: no such file or directory, open '/Users/julianclarkson/Documents/Dragonflyone/apps/gvteway/.next/server/font-manifest.json'
gvteway:build:     at readFileSync (node:fs:442:20)
gvteway:build:     at loadManifest (/Users/julianclarkson/Documents/Dragonflyone/node_modules/.pnpm/next@14.2.34_@babel+core@7.28.5_@opentelemetry+api@1.9.0_@playwright+test@1.56.1_react-dom@18_7hgdyk63qyoywe26j4c7wzx2ra/node_modules/next/dist/server/load-manifest.js:36:52)
gvteway:build:     at requireFontManifest (/Users/julianclarkson/Documents/Dragonflyone/node_modules/.pnpm/next@14.2.34_@babel+core@7.28.5_@opentelemetry+api@1.9.0_@playwright+test@1.56.1_react-dom@18_7hgdyk63qyoywe26j4c7wzx2ra/node_modules/next/dist/server/require.js:117:57)
gvteway:build:     at exportPageImpl (/Users/julianclarkson/Documents/Dragonflyone/node_modules/.pnpm/next@14.2.34_@babel+core@7.28.5_@opentelemetry+api@1.9.0_@playwright+test@1.56.1_react-dom@18_7hgdyk63qyoywe26j4c7wzx2ra/node_modules/next/dist/export/worker.js:191:76)
gvteway:build:     at async Span.traceAsyncFn (/Users/julianclarkson/Documents/Dragonflyone/node_modules/.pnpm/next@14.2.34_@babel+core@7.28.5_@opentelemetry+api@1.9.0_@playwright+test@1.56.1_react-dom@18_7hgdyk63qyoywe26j4c7wzx2ra/node_modules/next/dist/trace/trace.js:154:20)
gvteway:build:     at async Object.exportPage (/Users/julianclarkson/Documents/Dragonflyone/node_modules/.pnpm/next@14.2.34_@babel+core@7.28.5_@opentelemetry+api@1.9.0_@playwright+test@1.56.1_react-dom@18_7hgdyk63qyoywe26j4c7wzx2ra/node_modules/next/dist/export/worker.js:237:20)
gvteway:build: 
gvteway:build: Error occurred prerendering page "/dashboard". Read more: https://nextjs.org/docs/messages/prerender-error
gvteway:build: 
gvteway:build: Error: ENOENT: no such file or directory, open '/Users/julianclarkson/Documents/Dragonflyone/apps/gvteway/.next/server/font-manifest.json'
gvteway:build:     at readFileSync (node:fs:442:20)
gvteway:build:     at loadManifest (/Users/julianclarkson/Documents/Dragonflyone/node_modules/.pnpm/next@14.2.34_@babel+core@7.28.5_@opentelemetry+api@1.9.0_@playwright+test@1.56.1_react-dom@18_7hgdyk63qyoywe26j4c7wzx2ra/node_modules/next/dist/server/load-manifest.js:36:52)
gvteway:build:     at requireFontManifest (/Users/julianclarkson/Documents/Dragonflyone/node_modules/.pnpm/next@14.2.34_@babel+core@7.28.5_@opentelemetry+api@1.9.0_@playwright+test@1.56.1_react-dom@18_7hgdyk63qyoywe26j4c7wzx2ra/node_modules/next/dist/server/require.js:117:57)
gvteway:build:     at exportPageImpl (/Users/julianclarkson/Documents/Dragonflyone/node_modules/.pnpm/next@14.2.34_@babel+core@7.28.5_@opentelemetry+api@1.9.0_@playwright+test@1.56.1_react-dom@18_7hgdyk63qyoywe26j4c7wzx2ra/node_modules/next/dist/export/worker.js:191:76)
gvteway:build:     at async Span.traceAsyncFn (/Users/julianclarkson/Documents/Dragonflyone/node_modules/.pnpm/next@14.2.34_@babel+core@7.28.5_@opentelemetry+api@1.9.0_@playwright+test@1.56.1_react-dom@18_7hgdyk63qyoywe26j4c7wzx2ra/node_modules/next/dist/trace/trace.js:154:20)
gvteway:build:     at async Object.exportPage (/Users/julianclarkson/Documents/Dragonflyone/node_modules/.pnpm/next@14.2.34_@babel+core@7.28.5_@opentelemetry+api@1.9.0_@playwright+test@1.56.1_react-dom@18_7hgdyk63qyoywe26j4c7wzx2ra/node_modules/next/dist/export/worker.js:237:20)
gvteway:build: 
gvteway:build: Error occurred prerendering page "/deals". Read more: https://nextjs.org/docs/messages/prerender-error
gvteway:build: 
gvteway:build: Error: ENOENT: no such file or directory, open '/Users/julianclarkson/Documents/Dragonflyone/apps/gvteway/.next/server/font-manifest.json'
gvteway:build:     at readFileSync (node:fs:442:20)
gvteway:build:     at loadManifest (/Users/julianclarkson/Documents/Dragonflyone/node_modules/.pnpm/next@14.2.34_@babel+core@7.28.5_@opentelemetry+api@1.9.0_@playwright+test@1.56.1_react-dom@18_7hgdyk63qyoywe26j4c7wzx2ra/node_modules/next/dist/server/load-manifest.js:36:52)
gvteway:build:     at requireFontManifest (/Users/julianclarkson/Documents/Dragonflyone/node_modules/.pnpm/next@14.2.34_@babel+core@7.28.5_@opentelemetry+api@1.9.0_@playwright+test@1.56.1_react-dom@18_7hgdyk63qyoywe26j4c7wzx2ra/node_modules/next/dist/server/require.js:117:57)
gvteway:build:     at exportPageImpl (/Users/julianclarkson/Documents/Dragonflyone/node_modules/.pnpm/next@14.2.34_@babel+core@7.28.5_@opentelemetry+api@1.9.0_@playwright+test@1.56.1_react-dom@18_7hgdyk63qyoywe26j4c7wzx2ra/node_modules/next/dist/export/worker.js:191:76)
gvteway:build:     at async Span.traceAsyncFn (/Users/julianclarkson/Documents/Dragonflyone/node_modules/.pnpm/next@14.2.34_@babel+core@7.28.5_@opentelemetry+api@1.9.0_@playwright+test@1.56.1_react-dom@18_7hgdyk63qyoywe26j4c7wzx2ra/node_modules/next/dist/trace/trace.js:154:20)
gvteway:build:     at async Object.exportPage (/Users/julianclarkson/Documents/Dragonflyone/node_modules/.pnpm/next@14.2.34_@babel+core@7.28.5_@opentelemetry+api@1.9.0_@playwright+test@1.56.1_react-dom@18_7hgdyk63qyoywe26j4c7wzx2ra/node_modules/next/dist/export/worker.js:237:20)
gvteway:build: 
gvteway:build: Error occurred prerendering page "/destinations". Read more: https://nextjs.org/docs/messages/prerender-error
gvteway:build: 
gvteway:build: Error: ENOENT: no such file or directory, open '/Users/julianclarkson/Documents/Dragonflyone/apps/gvteway/.next/server/font-manifest.json'
gvteway:build:     at readFileSync (node:fs:442:20)
gvteway:build:     at loadManifest (/Users/julianclarkson/Documents/Dragonflyone/node_modules/.pnpm/next@14.2.34_@babel+core@7.28.5_@opentelemetry+api@1.9.0_@playwright+test@1.56.1_react-dom@18_7hgdyk63qyoywe26j4c7wzx2ra/node_modules/next/dist/server/load-manifest.js:36:52)
gvteway:build:     at requireFontManifest (/Users/julianclarkson/Documents/Dragonflyone/node_modules/.pnpm/next@14.2.34_@babel+core@7.28.5_@opentelemetry+api@1.9.0_@playwright+test@1.56.1_react-dom@18_7hgdyk63qyoywe26j4c7wzx2ra/node_modules/next/dist/server/require.js:117:57)
gvteway:build:     at exportPageImpl (/Users/julianclarkson/Documents/Dragonflyone/node_modules/.pnpm/next@14.2.34_@babel+core@7.28.5_@opentelemetry+api@1.9.0_@playwright+test@1.56.1_react-dom@18_7hgdyk63qyoywe26j4c7wzx2ra/node_modules/next/dist/export/worker.js:191:76)
gvteway:build:     at async Span.traceAsyncFn (/Users/julianclarkson/Documents/Dragonflyone/node_modules/.pnpm/next@14.2.34_@babel+core@7.28.5_@opentelemetry+api@1.9.0_@playwright+test@1.56.1_react-dom@18_7hgdyk63qyoywe26j4c7wzx2ra/node_modules/next/dist/trace/trace.js:154:20)
gvteway:build:     at async Object.exportPage (/Users/julianclarkson/Documents/Dragonflyone/node_modules/.pnpm/next@14.2.34_@babel+core@7.28.5_@opentelemetry+api@1.9.0_@playwright+test@1.56.1_react-dom@18_7hgdyk63qyoywe26j4c7wzx2ra/node_modules/next/dist/export/worker.js:237:20)
gvteway:build: 
gvteway:build: Error occurred prerendering page "/directions". Read more: https://nextjs.org/docs/messages/prerender-error
gvteway:build: 
gvteway:build: Error: ENOENT: no such file or directory, open '/Users/julianclarkson/Documents/Dragonflyone/apps/gvteway/.next/server/font-manifest.json'
gvteway:build:     at readFileSync (node:fs:442:20)
gvteway:build:     at loadManifest (/Users/julianclarkson/Documents/Dragonflyone/node_modules/.pnpm/next@14.2.34_@babel+core@7.28.5_@opentelemetry+api@1.9.0_@playwright+test@1.56.1_react-dom@18_7hgdyk63qyoywe26j4c7wzx2ra/node_modules/next/dist/server/load-manifest.js:36:52)
gvteway:build:     at requireFontManifest (/Users/julianclarkson/Documents/Dragonflyone/node_modules/.pnpm/next@14.2.34_@babel+core@7.28.5_@opentelemetry+api@1.9.0_@playwright+test@1.56.1_react-dom@18_7hgdyk63qyoywe26j4c7wzx2ra/node_modules/next/dist/server/require.js:117:57)
gvteway:build:     at exportPageImpl (/Users/julianclarkson/Documents/Dragonflyone/node_modules/.pnpm/next@14.2.34_@babel+core@7.28.5_@opentelemetry+api@1.9.0_@playwright+test@1.56.1_react-dom@18_7hgdyk63qyoywe26j4c7wzx2ra/node_modules/next/dist/export/worker.js:191:76)
gvteway:build:     at async Span.traceAsyncFn (/Users/julianclarkson/Documents/Dragonflyone/node_modules/.pnpm/next@14.2.34_@babel+core@7.28.5_@opentelemetry+api@1.9.0_@playwright+test@1.56.1_react-dom@18_7hgdyk63qyoywe26j4c7wzx2ra/node_modules/next/dist/trace/trace.js:154:20)
gvteway:build:     at async Object.exportPage (/Users/julianclarkson/Documents/Dragonflyone/node_modules/.pnpm/next@14.2.34_@babel+core@7.28.5_@opentelemetry+api@1.9.0_@playwright+test@1.56.1_react-dom@18_7hgdyk63qyoywe26j4c7wzx2ra/node_modules/next/dist/export/worker.js:237:20)
gvteway:build: 
gvteway:build: Error occurred prerendering page "/discover". Read more: https://nextjs.org/docs/messages/prerender-error
gvteway:build: 
gvteway:build: Error: ENOENT: no such file or directory, open '/Users/julianclarkson/Documents/Dragonflyone/apps/gvteway/.next/server/font-manifest.json'
gvteway:build:     at readFileSync (node:fs:442:20)
gvteway:build:     at loadManifest (/Users/julianclarkson/Documents/Dragonflyone/node_modules/.pnpm/next@14.2.34_@babel+core@7.28.5_@opentelemetry+api@1.9.0_@playwright+test@1.56.1_react-dom@18_7hgdyk63qyoywe26j4c7wzx2ra/node_modules/next/dist/server/load-manifest.js:36:52)
gvteway:build:     at requireFontManifest (/Users/julianclarkson/Documents/Dragonflyone/node_modules/.pnpm/next@14.2.34_@babel+core@7.28.5_@opentelemetry+api@1.9.0_@playwright+test@1.56.1_react-dom@18_7hgdyk63qyoywe26j4c7wzx2ra/node_modules/next/dist/server/require.js:117:57)
gvteway:build:     at exportPageImpl (/Users/julianclarkson/Documents/Dragonflyone/node_modules/.pnpm/next@14.2.34_@babel+core@7.28.5_@opentelemetry+api@1.9.0_@playwright+test@1.56.1_react-dom@18_7hgdyk63qyoywe26j4c7wzx2ra/node_modules/next/dist/export/worker.js:191:76)
gvteway:build:     at async Span.traceAsyncFn (/Users/julianclarkson/Documents/Dragonflyone/node_modules/.pnpm/next@14.2.34_@babel+core@7.28.5_@opentelemetry+api@1.9.0_@playwright+test@1.56.1_react-dom@18_7hgdyk63qyoywe26j4c7wzx2ra/node_modules/next/dist/trace/trace.js:154:20)
gvteway:build:     at async Object.exportPage (/Users/julianclarkson/Documents/Dragonflyone/node_modules/.pnpm/next@14.2.34_@babel+core@7.28.5_@opentelemetry+api@1.9.0_@playwright+test@1.56.1_react-dom@18_7hgdyk63qyoywe26j4c7wzx2ra/node_modules/next/dist/export/worker.js:237:20)
gvteway:build: 
gvteway:build: Error occurred prerendering page "/discover/quiz". Read more: https://nextjs.org/docs/messages/prerender-error
gvteway:build: 
gvteway:build: Error: ENOENT: no such file or directory, open '/Users/julianclarkson/Documents/Dragonflyone/apps/gvteway/.next/server/font-manifest.json'
gvteway:build:     at readFileSync (node:fs:442:20)
gvteway:build:     at loadManifest (/Users/julianclarkson/Documents/Dragonflyone/node_modules/.pnpm/next@14.2.34_@babel+core@7.28.5_@opentelemetry+api@1.9.0_@playwright+test@1.56.1_react-dom@18_7hgdyk63qyoywe26j4c7wzx2ra/node_modules/next/dist/server/load-manifest.js:36:52)
gvteway:build:     at requireFontManifest (/Users/julianclarkson/Documents/Dragonflyone/node_modules/.pnpm/next@14.2.34_@babel+core@7.28.5_@opentelemetry+api@1.9.0_@playwright+test@1.56.1_react-dom@18_7hgdyk63qyoywe26j4c7wzx2ra/node_modules/next/dist/server/require.js:117:57)
gvteway:build:     at exportPageImpl (/Users/julianclarkson/Documents/Dragonflyone/node_modules/.pnpm/next@14.2.34_@babel+core@7.28.5_@opentelemetry+api@1.9.0_@playwright+test@1.56.1_react-dom@18_7hgdyk63qyoywe26j4c7wzx2ra/node_modules/next/dist/export/worker.js:191:76)
gvteway:build:     at async Span.traceAsyncFn (/Users/julianclarkson/Documents/Dragonflyone/node_modules/.pnpm/next@14.2.34_@babel+core@7.28.5_@opentelemetry+api@1.9.0_@playwright+test@1.56.1_react-dom@18_7hgdyk63qyoywe26j4c7wzx2ra/node_modules/next/dist/trace/trace.js:154:20)
gvteway:build:     at async Object.exportPage (/Users/julianclarkson/Documents/Dragonflyone/node_modules/.pnpm/next@14.2.34_@babel+core@7.28.5_@opentelemetry+api@1.9.0_@playwright+test@1.56.1_react-dom@18_7hgdyk63qyoywe26j4c7wzx2ra/node_modules/next/dist/export/worker.js:237:20)
gvteway:build: 
gvteway:build: Error occurred prerendering page "/events/clone". Read more: https://nextjs.org/docs/messages/prerender-error
gvteway:build: 
gvteway:build: Error: ENOENT: no such file or directory, open '/Users/julianclarkson/Documents/Dragonflyone/apps/gvteway/.next/server/font-manifest.json'
gvteway:build:     at readFileSync (node:fs:442:20)
gvteway:build:     at loadManifest (/Users/julianclarkson/Documents/Dragonflyone/node_modules/.pnpm/next@14.2.34_@babel+core@7.28.5_@opentelemetry+api@1.9.0_@playwright+test@1.56.1_react-dom@18_7hgdyk63qyoywe26j4c7wzx2ra/node_modules/next/dist/server/load-manifest.js:36:52)
gvteway:build:     at requireFontManifest (/Users/julianclarkson/Documents/Dragonflyone/node_modules/.pnpm/next@14.2.34_@babel+core@7.28.5_@opentelemetry+api@1.9.0_@playwright+test@1.56.1_react-dom@18_7hgdyk63qyoywe26j4c7wzx2ra/node_modules/next/dist/server/require.js:117:57)
gvteway:build:     at exportPageImpl (/Users/julianclarkson/Documents/Dragonflyone/node_modules/.pnpm/next@14.2.34_@babel+core@7.28.5_@opentelemetry+api@1.9.0_@playwright+test@1.56.1_react-dom@18_7hgdyk63qyoywe26j4c7wzx2ra/node_modules/next/dist/export/worker.js:191:76)
gvteway:build:     at async Span.traceAsyncFn (/Users/julianclarkson/Documents/Dragonflyone/node_modules/.pnpm/next@14.2.34_@babel+core@7.28.5_@opentelemetry+api@1.9.0_@playwright+test@1.56.1_react-dom@18_7hgdyk63qyoywe26j4c7wzx2ra/node_modules/next/dist/trace/trace.js:154:20)
gvteway:build:     at async Object.exportPage (/Users/julianclarkson/Documents/Dragonflyone/node_modules/.pnpm/next@14.2.34_@babel+core@7.28.5_@opentelemetry+api@1.9.0_@playwright+test@1.56.1_react-dom@18_7hgdyk63qyoywe26j4c7wzx2ra/node_modules/next/dist/export/worker.js:237:20)
gvteway:build: 
gvteway:build: Error occurred prerendering page "/events/compare". Read more: https://nextjs.org/docs/messages/prerender-error
gvteway:build: 
gvteway:build: Error: ENOENT: no such file or directory, open '/Users/julianclarkson/Documents/Dragonflyone/apps/gvteway/.next/server/font-manifest.json'
gvteway:build:     at readFileSync (node:fs:442:20)
gvteway:build:     at loadManifest (/Users/julianclarkson/Documents/Dragonflyone/node_modules/.pnpm/next@14.2.34_@babel+core@7.28.5_@opentelemetry+api@1.9.0_@playwright+test@1.56.1_react-dom@18_7hgdyk63qyoywe26j4c7wzx2ra/node_modules/next/dist/server/load-manifest.js:36:52)
gvteway:build:     at requireFontManifest (/Users/julianclarkson/Documents/Dragonflyone/node_modules/.pnpm/next@14.2.34_@babel+core@7.28.5_@opentelemetry+api@1.9.0_@playwright+test@1.56.1_react-dom@18_7hgdyk63qyoywe26j4c7wzx2ra/node_modules/next/dist/server/require.js:117:57)
gvteway:build:     at exportPageImpl (/Users/julianclarkson/Documents/Dragonflyone/node_modules/.pnpm/next@14.2.34_@babel+core@7.28.5_@opentelemetry+api@1.9.0_@playwright+test@1.56.1_react-dom@18_7hgdyk63qyoywe26j4c7wzx2ra/node_modules/next/dist/export/worker.js:191:76)
gvteway:build:     at async Span.traceAsyncFn (/Users/julianclarkson/Documents/Dragonflyone/node_modules/.pnpm/next@14.2.34_@babel+core@7.28.5_@opentelemetry+api@1.9.0_@playwright+test@1.56.1_react-dom@18_7hgdyk63qyoywe26j4c7wzx2ra/node_modules/next/dist/trace/trace.js:154:20)
gvteway:build:     at async Object.exportPage (/Users/julianclarkson/Documents/Dragonflyone/node_modules/.pnpm/next@14.2.34_@babel+core@7.28.5_@opentelemetry+api@1.9.0_@playwright+test@1.56.1_react-dom@18_7hgdyk63qyoywe26j4c7wzx2ra/node_modules/next/dist/export/worker.js:237:20)
gvteway:build: 
gvteway:build: Error occurred prerendering page "/events/create/collaboration". Read more: https://nextjs.org/docs/messages/prerender-error
gvteway:build: 
gvteway:build: Error: ENOENT: no such file or directory, open '/Users/julianclarkson/Documents/Dragonflyone/apps/gvteway/.next/server/font-manifest.json'
gvteway:build:     at readFileSync (node:fs:442:20)
gvteway:build:     at loadManifest (/Users/julianclarkson/Documents/Dragonflyone/node_modules/.pnpm/next@14.2.34_@babel+core@7.28.5_@opentelemetry+api@1.9.0_@playwright+test@1.56.1_react-dom@18_7hgdyk63qyoywe26j4c7wzx2ra/node_modules/next/dist/server/load-manifest.js:36:52)
gvteway:build:     at requireFontManifest (/Users/julianclarkson/Documents/Dragonflyone/node_modules/.pnpm/next@14.2.34_@babel+core@7.28.5_@opentelemetry+api@1.9.0_@playwright+test@1.56.1_react-dom@18_7hgdyk63qyoywe26j4c7wzx2ra/node_modules/next/dist/server/require.js:117:57)
gvteway:build:     at exportPageImpl (/Users/julianclarkson/Documents/Dragonflyone/node_modules/.pnpm/next@14.2.34_@babel+core@7.28.5_@opentelemetry+api@1.9.0_@playwright+test@1.56.1_react-dom@18_7hgdyk63qyoywe26j4c7wzx2ra/node_modules/next/dist/export/worker.js:191:76)
gvteway:build:     at async Span.traceAsyncFn (/Users/julianclarkson/Documents/Dragonflyone/node_modules/.pnpm/next@14.2.34_@babel+core@7.28.5_@opentelemetry+api@1.9.0_@playwright+test@1.56.1_react-dom@18_7hgdyk63qyoywe26j4c7wzx2ra/node_modules/next/dist/trace/trace.js:154:20)
gvteway:build:     at async Object.exportPage (/Users/julianclarkson/Documents/Dragonflyone/node_modules/.pnpm/next@14.2.34_@babel+core@7.28.5_@opentelemetry+api@1.9.0_@playwright+test@1.56.1_react-dom@18_7hgdyk63qyoywe26j4c7wzx2ra/node_modules/next/dist/export/worker.js:237:20)
gvteway:build: 
gvteway:build: Error occurred prerendering page "/events/create/from-blueprint". Read more: https://nextjs.org/docs/messages/prerender-error
gvteway:build: 
gvteway:build: Error: ENOENT: no such file or directory, open '/Users/julianclarkson/Documents/Dragonflyone/apps/gvteway/.next/server/font-manifest.json'
gvteway:build:     at readFileSync (node:fs:442:20)
gvteway:build:     at loadManifest (/Users/julianclarkson/Documents/Dragonflyone/node_modules/.pnpm/next@14.2.34_@babel+core@7.28.5_@opentelemetry+api@1.9.0_@playwright+test@1.56.1_react-dom@18_7hgdyk63qyoywe26j4c7wzx2ra/node_modules/next/dist/server/load-manifest.js:36:52)
gvteway:build:     at requireFontManifest (/Users/julianclarkson/Documents/Dragonflyone/node_modules/.pnpm/next@14.2.34_@babel+core@7.28.5_@opentelemetry+api@1.9.0_@playwright+test@1.56.1_react-dom@18_7hgdyk63qyoywe26j4c7wzx2ra/node_modules/next/dist/server/require.js:117:57)
gvteway:build:     at exportPageImpl (/Users/julianclarkson/Documents/Dragonflyone/node_modules/.pnpm/next@14.2.34_@babel+core@7.28.5_@opentelemetry+api@1.9.0_@playwright+test@1.56.1_react-dom@18_7hgdyk63qyoywe26j4c7wzx2ra/node_modules/next/dist/export/worker.js:191:76)
gvteway:build:     at async Span.traceAsyncFn (/Users/julianclarkson/Documents/Dragonflyone/node_modules/.pnpm/next@14.2.34_@babel+core@7.28.5_@opentelemetry+api@1.9.0_@playwright+test@1.56.1_react-dom@18_7hgdyk63qyoywe26j4c7wzx2ra/node_modules/next/dist/trace/trace.js:154:20)
gvteway:build:     at async Object.exportPage (/Users/julianclarkson/Documents/Dragonflyone/node_modules/.pnpm/next@14.2.34_@babel+core@7.28.5_@opentelemetry+api@1.9.0_@playwright+test@1.56.1_react-dom@18_7hgdyk63qyoywe26j4c7wzx2ra/node_modules/next/dist/export/worker.js:237:20)
gvteway:build: 
gvteway:build: Error occurred prerendering page "/events/create". Read more: https://nextjs.org/docs/messages/prerender-error
gvteway:build: 
gvteway:build: Error: ENOENT: no such file or directory, open '/Users/julianclarkson/Documents/Dragonflyone/apps/gvteway/.next/server/font-manifest.json'
gvteway:build:     at readFileSync (node:fs:442:20)
gvteway:build:     at loadManifest (/Users/julianclarkson/Documents/Dragonflyone/node_modules/.pnpm/next@14.2.34_@babel+core@7.28.5_@opentelemetry+api@1.9.0_@playwright+test@1.56.1_react-dom@18_7hgdyk63qyoywe26j4c7wzx2ra/node_modules/next/dist/server/load-manifest.js:36:52)
gvteway:build:     at requireFontManifest (/Users/julianclarkson/Documents/Dragonflyone/node_modules/.pnpm/next@14.2.34_@babel+core@7.28.5_@opentelemetry+api@1.9.0_@playwright+test@1.56.1_react-dom@18_7hgdyk63qyoywe26j4c7wzx2ra/node_modules/next/dist/server/require.js:117:57)
gvteway:build:     at exportPageImpl (/Users/julianclarkson/Documents/Dragonflyone/node_modules/.pnpm/next@14.2.34_@babel+core@7.28.5_@opentelemetry+api@1.9.0_@playwright+test@1.56.1_react-dom@18_7hgdyk63qyoywe26j4c7wzx2ra/node_modules/next/dist/export/worker.js:191:76)
gvteway:build:     at async Span.traceAsyncFn (/Users/julianclarkson/Documents/Dragonflyone/node_modules/.pnpm/next@14.2.34_@babel+core@7.28.5_@opentelemetry+api@1.9.0_@playwright+test@1.56.1_react-dom@18_7hgdyk63qyoywe26j4c7wzx2ra/node_modules/next/dist/trace/trace.js:154:20)
gvteway:build:     at async Object.exportPage (/Users/julianclarkson/Documents/Dragonflyone/node_modules/.pnpm/next@14.2.34_@babel+core@7.28.5_@opentelemetry+api@1.9.0_@playwright+test@1.56.1_react-dom@18_7hgdyk63qyoywe26j4c7wzx2ra/node_modules/next/dist/export/worker.js:237:20)
gvteway:build: 
gvteway:build: Error occurred prerendering page "/events". Read more: https://nextjs.org/docs/messages/prerender-error
gvteway:build: 
gvteway:build: Error: ENOENT: no such file or directory, open '/Users/julianclarkson/Documents/Dragonflyone/apps/gvteway/.next/server/font-manifest.json'
gvteway:build:     at readFileSync (node:fs:442:20)
gvteway:build:     at loadManifest (/Users/julianclarkson/Documents/Dragonflyone/node_modules/.pnpm/next@14.2.34_@babel+core@7.28.5_@opentelemetry+api@1.9.0_@playwright+test@1.56.1_react-dom@18_7hgdyk63qyoywe26j4c7wzx2ra/node_modules/next/dist/server/load-manifest.js:36:52)
gvteway:build:     at requireFontManifest (/Users/julianclarkson/Documents/Dragonflyone/node_modules/.pnpm/next@14.2.34_@babel+core@7.28.5_@opentelemetry+api@1.9.0_@playwright+test@1.56.1_react-dom@18_7hgdyk63qyoywe26j4c7wzx2ra/node_modules/next/dist/server/require.js:117:57)
gvteway:build:     at exportPageImpl (/Users/julianclarkson/Documents/Dragonflyone/node_modules/.pnpm/next@14.2.34_@babel+core@7.28.5_@opentelemetry+api@1.9.0_@playwright+test@1.56.1_react-dom@18_7hgdyk63qyoywe26j4c7wzx2ra/node_modules/next/dist/export/worker.js:191:76)
gvteway:build:     at async Span.traceAsyncFn (/Users/julianclarkson/Documents/Dragonflyone/node_modules/.pnpm/next@14.2.34_@babel+core@7.28.5_@opentelemetry+api@1.9.0_@playwright+test@1.56.1_react-dom@18_7hgdyk63qyoywe26j4c7wzx2ra/node_modules/next/dist/trace/trace.js:154:20)
gvteway:build:     at async Object.exportPage (/Users/julianclarkson/Documents/Dragonflyone/node_modules/.pnpm/next@14.2.34_@babel+core@7.28.5_@opentelemetry+api@1.9.0_@playwright+test@1.56.1_react-dom@18_7hgdyk63qyoywe26j4c7wzx2ra/node_modules/next/dist/export/worker.js:237:20)
gvteway:build: 
gvteway:build: Error occurred prerendering page "/events/templates". Read more: https://nextjs.org/docs/messages/prerender-error
gvteway:build: 
gvteway:build: Error: ENOENT: no such file or directory, open '/Users/julianclarkson/Documents/Dragonflyone/apps/gvteway/.next/server/font-manifest.json'
gvteway:build:     at readFileSync (node:fs:442:20)
gvteway:build:     at loadManifest (/Users/julianclarkson/Documents/Dragonflyone/node_modules/.pnpm/next@14.2.34_@babel+core@7.28.5_@opentelemetry+api@1.9.0_@playwright+test@1.56.1_react-dom@18_7hgdyk63qyoywe26j4c7wzx2ra/node_modules/next/dist/server/load-manifest.js:36:52)
gvteway:build:     at requireFontManifest (/Users/julianclarkson/Documents/Dragonflyone/node_modules/.pnpm/next@14.2.34_@babel+core@7.28.5_@opentelemetry+api@1.9.0_@playwright+test@1.56.1_react-dom@18_7hgdyk63qyoywe26j4c7wzx2ra/node_modules/next/dist/server/require.js:117:57)
gvteway:build:     at exportPageImpl (/Users/julianclarkson/Documents/Dragonflyone/node_modules/.pnpm/next@14.2.34_@babel+core@7.28.5_@opentelemetry+api@1.9.0_@playwright+test@1.56.1_react-dom@18_7hgdyk63qyoywe26j4c7wzx2ra/node_modules/next/dist/export/worker.js:191:76)
gvteway:build:     at async Span.traceAsyncFn (/Users/julianclarkson/Documents/Dragonflyone/node_modules/.pnpm/next@14.2.34_@babel+core@7.28.5_@opentelemetry+api@1.9.0_@playwright+test@1.56.1_react-dom@18_7hgdyk63qyoywe26j4c7wzx2ra/node_modules/next/dist/trace/trace.js:154:20)
gvteway:build:     at async Object.exportPage (/Users/julianclarkson/Documents/Dragonflyone/node_modules/.pnpm/next@14.2.34_@babel+core@7.28.5_@opentelemetry+api@1.9.0_@playwright+test@1.56.1_react-dom@18_7hgdyk63qyoywe26j4c7wzx2ra/node_modules/next/dist/export/worker.js:237:20)
gvteway:build: 
gvteway:build: Error occurred prerendering page "/experiences". Read more: https://nextjs.org/docs/messages/prerender-error
gvteway:build: 
gvteway:build: Error: ENOENT: no such file or directory, open '/Users/julianclarkson/Documents/Dragonflyone/apps/gvteway/.next/server/font-manifest.json'
gvteway:build:     at readFileSync (node:fs:442:20)
gvteway:build:     at loadManifest (/Users/julianclarkson/Documents/Dragonflyone/node_modules/.pnpm/next@14.2.34_@babel+core@7.28.5_@opentelemetry+api@1.9.0_@playwright+test@1.56.1_react-dom@18_7hgdyk63qyoywe26j4c7wzx2ra/node_modules/next/dist/server/load-manifest.js:36:52)
gvteway:build:     at requireFontManifest (/Users/julianclarkson/Documents/Dragonflyone/node_modules/.pnpm/next@14.2.34_@babel+core@7.28.5_@opentelemetry+api@1.9.0_@playwright+test@1.56.1_react-dom@18_7hgdyk63qyoywe26j4c7wzx2ra/node_modules/next/dist/server/require.js:117:57)
gvteway:build:     at exportPageImpl (/Users/julianclarkson/Documents/Dragonflyone/node_modules/.pnpm/next@14.2.34_@babel+core@7.28.5_@opentelemetry+api@1.9.0_@playwright+test@1.56.1_react-dom@18_7hgdyk63qyoywe26j4c7wzx2ra/node_modules/next/dist/export/worker.js:191:76)
gvteway:build:     at async Span.traceAsyncFn (/Users/julianclarkson/Documents/Dragonflyone/node_modules/.pnpm/next@14.2.34_@babel+core@7.28.5_@opentelemetry+api@1.9.0_@playwright+test@1.56.1_react-dom@18_7hgdyk63qyoywe26j4c7wzx2ra/node_modules/next/dist/trace/trace.js:154:20)
gvteway:build:     at async Object.exportPage (/Users/julianclarkson/Documents/Dragonflyone/node_modules/.pnpm/next@14.2.34_@babel+core@7.28.5_@opentelemetry+api@1.9.0_@playwright+test@1.56.1_react-dom@18_7hgdyk63qyoywe26j4c7wzx2ra/node_modules/next/dist/export/worker.js:237:20)
gvteway:build: 
gvteway:build: Error occurred prerendering page "/fan-club/exclusive-access". Read more: https://nextjs.org/docs/messages/prerender-error
gvteway:build: 
gvteway:build: Error: ENOENT: no such file or directory, open '/Users/julianclarkson/Documents/Dragonflyone/apps/gvteway/.next/server/font-manifest.json'
gvteway:build:     at readFileSync (node:fs:442:20)
gvteway:build:     at loadManifest (/Users/julianclarkson/Documents/Dragonflyone/node_modules/.pnpm/next@14.2.34_@babel+core@7.28.5_@opentelemetry+api@1.9.0_@playwright+test@1.56.1_react-dom@18_7hgdyk63qyoywe26j4c7wzx2ra/node_modules/next/dist/server/load-manifest.js:36:52)
gvteway:build:     at requireFontManifest (/Users/julianclarkson/Documents/Dragonflyone/node_modules/.pnpm/next@14.2.34_@babel+core@7.28.5_@opentelemetry+api@1.9.0_@playwright+test@1.56.1_react-dom@18_7hgdyk63qyoywe26j4c7wzx2ra/node_modules/next/dist/server/require.js:117:57)
gvteway:build:     at exportPageImpl (/Users/julianclarkson/Documents/Dragonflyone/node_modules/.pnpm/next@14.2.34_@babel+core@7.28.5_@opentelemetry+api@1.9.0_@playwright+test@1.56.1_react-dom@18_7hgdyk63qyoywe26j4c7wzx2ra/node_modules/next/dist/export/worker.js:191:76)
gvteway:build:     at async Span.traceAsyncFn (/Users/julianclarkson/Documents/Dragonflyone/node_modules/.pnpm/next@14.2.34_@babel+core@7.28.5_@opentelemetry+api@1.9.0_@playwright+test@1.56.1_react-dom@18_7hgdyk63qyoywe26j4c7wzx2ra/node_modules/next/dist/trace/trace.js:154:20)
gvteway:build:     at async Object.exportPage (/Users/julianclarkson/Documents/Dragonflyone/node_modules/.pnpm/next@14.2.34_@babel+core@7.28.5_@opentelemetry+api@1.9.0_@playwright+test@1.56.1_react-dom@18_7hgdyk63qyoywe26j4c7wzx2ra/node_modules/next/dist/export/worker.js:237:20)
gvteway:build: 
gvteway:build: Error occurred prerendering page "/fan-club". Read more: https://nextjs.org/docs/messages/prerender-error
gvteway:build: 
gvteway:build: Error: ENOENT: no such file or directory, open '/Users/julianclarkson/Documents/Dragonflyone/apps/gvteway/.next/server/font-manifest.json'
gvteway:build:     at readFileSync (node:fs:442:20)
gvteway:build:     at loadManifest (/Users/julianclarkson/Documents/Dragonflyone/node_modules/.pnpm/next@14.2.34_@babel+core@7.28.5_@opentelemetry+api@1.9.0_@playwright+test@1.56.1_react-dom@18_7hgdyk63qyoywe26j4c7wzx2ra/node_modules/next/dist/server/load-manifest.js:36:52)
gvteway:build:     at requireFontManifest (/Users/julianclarkson/Documents/Dragonflyone/node_modules/.pnpm/next@14.2.34_@babel+core@7.28.5_@opentelemetry+api@1.9.0_@playwright+test@1.56.1_react-dom@18_7hgdyk63qyoywe26j4c7wzx2ra/node_modules/next/dist/server/require.js:117:57)
gvteway:build:     at exportPageImpl (/Users/julianclarkson/Documents/Dragonflyone/node_modules/.pnpm/next@14.2.34_@babel+core@7.28.5_@opentelemetry+api@1.9.0_@playwright+test@1.56.1_react-dom@18_7hgdyk63qyoywe26j4c7wzx2ra/node_modules/next/dist/export/worker.js:191:76)
gvteway:build:     at async Span.traceAsyncFn (/Users/julianclarkson/Documents/Dragonflyone/node_modules/.pnpm/next@14.2.34_@babel+core@7.28.5_@opentelemetry+api@1.9.0_@playwright+test@1.56.1_react-dom@18_7hgdyk63qyoywe26j4c7wzx2ra/node_modules/next/dist/trace/trace.js:154:20)
gvteway:build:     at async Object.exportPage (/Users/julianclarkson/Documents/Dragonflyone/node_modules/.pnpm/next@14.2.34_@babel+core@7.28.5_@opentelemetry+api@1.9.0_@playwright+test@1.56.1_react-dom@18_7hgdyk63qyoywe26j4c7wzx2ra/node_modules/next/dist/export/worker.js:237:20)
gvteway:build: 
gvteway:build: Error occurred prerendering page "/fan-clubs". Read more: https://nextjs.org/docs/messages/prerender-error
gvteway:build: 
gvteway:build: Error: ENOENT: no such file or directory, open '/Users/julianclarkson/Documents/Dragonflyone/apps/gvteway/.next/server/font-manifest.json'
gvteway:build:     at readFileSync (node:fs:442:20)
gvteway:build:     at loadManifest (/Users/julianclarkson/Documents/Dragonflyone/node_modules/.pnpm/next@14.2.34_@babel+core@7.28.5_@opentelemetry+api@1.9.0_@playwright+test@1.56.1_react-dom@18_7hgdyk63qyoywe26j4c7wzx2ra/node_modules/next/dist/server/load-manifest.js:36:52)
gvteway:build:     at requireFontManifest (/Users/julianclarkson/Documents/Dragonflyone/node_modules/.pnpm/next@14.2.34_@babel+core@7.28.5_@opentelemetry+api@1.9.0_@playwright+test@1.56.1_react-dom@18_7hgdyk63qyoywe26j4c7wzx2ra/node_modules/next/dist/server/require.js:117:57)
gvteway:build:     at exportPageImpl (/Users/julianclarkson/Documents/Dragonflyone/node_modules/.pnpm/next@14.2.34_@babel+core@7.28.5_@opentelemetry+api@1.9.0_@playwright+test@1.56.1_react-dom@18_7hgdyk63qyoywe26j4c7wzx2ra/node_modules/next/dist/export/worker.js:191:76)
gvteway:build:     at async Span.traceAsyncFn (/Users/julianclarkson/Documents/Dragonflyone/node_modules/.pnpm/next@14.2.34_@babel+core@7.28.5_@opentelemetry+api@1.9.0_@playwright+test@1.56.1_react-dom@18_7hgdyk63qyoywe26j4c7wzx2ra/node_modules/next/dist/trace/trace.js:154:20)
gvteway:build:     at async Object.exportPage (/Users/julianclarkson/Documents/Dragonflyone/node_modules/.pnpm/next@14.2.34_@babel+core@7.28.5_@opentelemetry+api@1.9.0_@playwright+test@1.56.1_react-dom@18_7hgdyk63qyoywe26j4c7wzx2ra/node_modules/next/dist/export/worker.js:237:20)
gvteway:build: 
gvteway:build: Error occurred prerendering page "/favorites". Read more: https://nextjs.org/docs/messages/prerender-error
gvteway:build: 
gvteway:build: Error: ENOENT: no such file or directory, open '/Users/julianclarkson/Documents/Dragonflyone/apps/gvteway/.next/server/font-manifest.json'
gvteway:build:     at readFileSync (node:fs:442:20)
gvteway:build:     at loadManifest (/Users/julianclarkson/Documents/Dragonflyone/node_modules/.pnpm/next@14.2.34_@babel+core@7.28.5_@opentelemetry+api@1.9.0_@playwright+test@1.56.1_react-dom@18_7hgdyk63qyoywe26j4c7wzx2ra/node_modules/next/dist/server/load-manifest.js:36:52)
gvteway:build:     at requireFontManifest (/Users/julianclarkson/Documents/Dragonflyone/node_modules/.pnpm/next@14.2.34_@babel+core@7.28.5_@opentelemetry+api@1.9.0_@playwright+test@1.56.1_react-dom@18_7hgdyk63qyoywe26j4c7wzx2ra/node_modules/next/dist/server/require.js:117:57)
gvteway:build:     at exportPageImpl (/Users/julianclarkson/Documents/Dragonflyone/node_modules/.pnpm/next@14.2.34_@babel+core@7.28.5_@opentelemetry+api@1.9.0_@playwright+test@1.56.1_react-dom@18_7hgdyk63qyoywe26j4c7wzx2ra/node_modules/next/dist/export/worker.js:191:76)
gvteway:build:     at async Span.traceAsyncFn (/Users/julianclarkson/Documents/Dragonflyone/node_modules/.pnpm/next@14.2.34_@babel+core@7.28.5_@opentelemetry+api@1.9.0_@playwright+test@1.56.1_react-dom@18_7hgdyk63qyoywe26j4c7wzx2ra/node_modules/next/dist/trace/trace.js:154:20)
gvteway:build:     at async Object.exportPage (/Users/julianclarkson/Documents/Dragonflyone/node_modules/.pnpm/next@14.2.34_@babel+core@7.28.5_@opentelemetry+api@1.9.0_@playwright+test@1.56.1_react-dom@18_7hgdyk63qyoywe26j4c7wzx2ra/node_modules/next/dist/export/worker.js:237:20)
gvteway:build:    Generating static pages (68/138) 
gvteway:build: 
gvteway:build: Error occurred prerendering page "/forums". Read more: https://nextjs.org/docs/messages/prerender-error
gvteway:build: 
gvteway:build: Error: ENOENT: no such file or directory, open '/Users/julianclarkson/Documents/Dragonflyone/apps/gvteway/.next/server/font-manifest.json'
gvteway:build:     at readFileSync (node:fs:442:20)
gvteway:build:     at loadManifest (/Users/julianclarkson/Documents/Dragonflyone/node_modules/.pnpm/next@14.2.34_@babel+core@7.28.5_@opentelemetry+api@1.9.0_@playwright+test@1.56.1_react-dom@18_7hgdyk63qyoywe26j4c7wzx2ra/node_modules/next/dist/server/load-manifest.js:36:52)
gvteway:build:     at requireFontManifest (/Users/julianclarkson/Documents/Dragonflyone/node_modules/.pnpm/next@14.2.34_@babel+core@7.28.5_@opentelemetry+api@1.9.0_@playwright+test@1.56.1_react-dom@18_7hgdyk63qyoywe26j4c7wzx2ra/node_modules/next/dist/server/require.js:117:57)
gvteway:build:     at exportPageImpl (/Users/julianclarkson/Documents/Dragonflyone/node_modules/.pnpm/next@14.2.34_@babel+core@7.28.5_@opentelemetry+api@1.9.0_@playwright+test@1.56.1_react-dom@18_7hgdyk63qyoywe26j4c7wzx2ra/node_modules/next/dist/export/worker.js:191:76)
gvteway:build:     at async Span.traceAsyncFn (/Users/julianclarkson/Documents/Dragonflyone/node_modules/.pnpm/next@14.2.34_@babel+core@7.28.5_@opentelemetry+api@1.9.0_@playwright+test@1.56.1_react-dom@18_7hgdyk63qyoywe26j4c7wzx2ra/node_modules/next/dist/trace/trace.js:154:20)
gvteway:build:     at async Object.exportPage (/Users/julianclarkson/Documents/Dragonflyone/node_modules/.pnpm/next@14.2.34_@babel+core@7.28.5_@opentelemetry+api@1.9.0_@playwright+test@1.56.1_react-dom@18_7hgdyk63qyoywe26j4c7wzx2ra/node_modules/next/dist/export/worker.js:237:20)
gvteway:build: 
gvteway:build: Error occurred prerendering page "/friends". Read more: https://nextjs.org/docs/messages/prerender-error
gvteway:build: 
gvteway:build: Error: ENOENT: no such file or directory, open '/Users/julianclarkson/Documents/Dragonflyone/apps/gvteway/.next/server/font-manifest.json'
gvteway:build:     at readFileSync (node:fs:442:20)
gvteway:build:     at loadManifest (/Users/julianclarkson/Documents/Dragonflyone/node_modules/.pnpm/next@14.2.34_@babel+core@7.28.5_@opentelemetry+api@1.9.0_@playwright+test@1.56.1_react-dom@18_7hgdyk63qyoywe26j4c7wzx2ra/node_modules/next/dist/server/load-manifest.js:36:52)
gvteway:build:     at requireFontManifest (/Users/julianclarkson/Documents/Dragonflyone/node_modules/.pnpm/next@14.2.34_@babel+core@7.28.5_@opentelemetry+api@1.9.0_@playwright+test@1.56.1_react-dom@18_7hgdyk63qyoywe26j4c7wzx2ra/node_modules/next/dist/server/require.js:117:57)
gvteway:build:     at exportPageImpl (/Users/julianclarkson/Documents/Dragonflyone/node_modules/.pnpm/next@14.2.34_@babel+core@7.28.5_@opentelemetry+api@1.9.0_@playwright+test@1.56.1_react-dom@18_7hgdyk63qyoywe26j4c7wzx2ra/node_modules/next/dist/export/worker.js:191:76)
gvteway:build:     at async Span.traceAsyncFn (/Users/julianclarkson/Documents/Dragonflyone/node_modules/.pnpm/next@14.2.34_@babel+core@7.28.5_@opentelemetry+api@1.9.0_@playwright+test@1.56.1_react-dom@18_7hgdyk63qyoywe26j4c7wzx2ra/node_modules/next/dist/trace/trace.js:154:20)
gvteway:build:     at async Object.exportPage (/Users/julianclarkson/Documents/Dragonflyone/node_modules/.pnpm/next@14.2.34_@babel+core@7.28.5_@opentelemetry+api@1.9.0_@playwright+test@1.56.1_react-dom@18_7hgdyk63qyoywe26j4c7wzx2ra/node_modules/next/dist/export/worker.js:237:20)
gvteway:build: 
gvteway:build: Error occurred prerendering page "/groups". Read more: https://nextjs.org/docs/messages/prerender-error
gvteway:build: 
gvteway:build: Error: ENOENT: no such file or directory, open '/Users/julianclarkson/Documents/Dragonflyone/apps/gvteway/.next/server/font-manifest.json'
gvteway:build:     at readFileSync (node:fs:442:20)
gvteway:build:     at loadManifest (/Users/julianclarkson/Documents/Dragonflyone/node_modules/.pnpm/next@14.2.34_@babel+core@7.28.5_@opentelemetry+api@1.9.0_@playwright+test@1.56.1_react-dom@18_7hgdyk63qyoywe26j4c7wzx2ra/node_modules/next/dist/server/load-manifest.js:36:52)
gvteway:build:     at requireFontManifest (/Users/julianclarkson/Documents/Dragonflyone/node_modules/.pnpm/next@14.2.34_@babel+core@7.28.5_@opentelemetry+api@1.9.0_@playwright+test@1.56.1_react-dom@18_7hgdyk63qyoywe26j4c7wzx2ra/node_modules/next/dist/server/require.js:117:57)
gvteway:build:     at exportPageImpl (/Users/julianclarkson/Documents/Dragonflyone/node_modules/.pnpm/next@14.2.34_@babel+core@7.28.5_@opentelemetry+api@1.9.0_@playwright+test@1.56.1_react-dom@18_7hgdyk63qyoywe26j4c7wzx2ra/node_modules/next/dist/export/worker.js:191:76)
gvteway:build:     at async Span.traceAsyncFn (/Users/julianclarkson/Documents/Dragonflyone/node_modules/.pnpm/next@14.2.34_@babel+core@7.28.5_@opentelemetry+api@1.9.0_@playwright+test@1.56.1_react-dom@18_7hgdyk63qyoywe26j4c7wzx2ra/node_modules/next/dist/trace/trace.js:154:20)
gvteway:build:     at async Object.exportPage (/Users/julianclarkson/Documents/Dragonflyone/node_modules/.pnpm/next@14.2.34_@babel+core@7.28.5_@opentelemetry+api@1.9.0_@playwright+test@1.56.1_react-dom@18_7hgdyk63qyoywe26j4c7wzx2ra/node_modules/next/dist/export/worker.js:237:20)
gvteway:build: 
gvteway:build: Error occurred prerendering page "/gift-cards". Read more: https://nextjs.org/docs/messages/prerender-error
gvteway:build: 
gvteway:build: Error: ENOENT: no such file or directory, open '/Users/julianclarkson/Documents/Dragonflyone/apps/gvteway/.next/server/font-manifest.json'
gvteway:build:     at readFileSync (node:fs:442:20)
gvteway:build:     at loadManifest (/Users/julianclarkson/Documents/Dragonflyone/node_modules/.pnpm/next@14.2.34_@babel+core@7.28.5_@opentelemetry+api@1.9.0_@playwright+test@1.56.1_react-dom@18_7hgdyk63qyoywe26j4c7wzx2ra/node_modules/next/dist/server/load-manifest.js:36:52)
gvteway:build:     at requireFontManifest (/Users/julianclarkson/Documents/Dragonflyone/node_modules/.pnpm/next@14.2.34_@babel+core@7.28.5_@opentelemetry+api@1.9.0_@playwright+test@1.56.1_react-dom@18_7hgdyk63qyoywe26j4c7wzx2ra/node_modules/next/dist/server/require.js:117:57)
gvteway:build:     at exportPageImpl (/Users/julianclarkson/Documents/Dragonflyone/node_modules/.pnpm/next@14.2.34_@babel+core@7.28.5_@opentelemetry+api@1.9.0_@playwright+test@1.56.1_react-dom@18_7hgdyk63qyoywe26j4c7wzx2ra/node_modules/next/dist/export/worker.js:191:76)
gvteway:build:     at async Span.traceAsyncFn (/Users/julianclarkson/Documents/Dragonflyone/node_modules/.pnpm/next@14.2.34_@babel+core@7.28.5_@opentelemetry+api@1.9.0_@playwright+test@1.56.1_react-dom@18_7hgdyk63qyoywe26j4c7wzx2ra/node_modules/next/dist/trace/trace.js:154:20)
gvteway:build:     at async Object.exportPage (/Users/julianclarkson/Documents/Dragonflyone/node_modules/.pnpm/next@14.2.34_@babel+core@7.28.5_@opentelemetry+api@1.9.0_@playwright+test@1.56.1_react-dom@18_7hgdyk63qyoywe26j4c7wzx2ra/node_modules/next/dist/export/worker.js:237:20)
gvteway:build: 
gvteway:build: Error occurred prerendering page "/help". Read more: https://nextjs.org/docs/messages/prerender-error
gvteway:build: 
gvteway:build: Error: ENOENT: no such file or directory, open '/Users/julianclarkson/Documents/Dragonflyone/apps/gvteway/.next/server/font-manifest.json'
gvteway:build:     at readFileSync (node:fs:442:20)
gvteway:build:     at loadManifest (/Users/julianclarkson/Documents/Dragonflyone/node_modules/.pnpm/next@14.2.34_@babel+core@7.28.5_@opentelemetry+api@1.9.0_@playwright+test@1.56.1_react-dom@18_7hgdyk63qyoywe26j4c7wzx2ra/node_modules/next/dist/server/load-manifest.js:36:52)
gvteway:build:     at requireFontManifest (/Users/julianclarkson/Documents/Dragonflyone/node_modules/.pnpm/next@14.2.34_@babel+core@7.28.5_@opentelemetry+api@1.9.0_@playwright+test@1.56.1_react-dom@18_7hgdyk63qyoywe26j4c7wzx2ra/node_modules/next/dist/server/require.js:117:57)
gvteway:build:     at exportPageImpl (/Users/julianclarkson/Documents/Dragonflyone/node_modules/.pnpm/next@14.2.34_@babel+core@7.28.5_@opentelemetry+api@1.9.0_@playwright+test@1.56.1_react-dom@18_7hgdyk63qyoywe26j4c7wzx2ra/node_modules/next/dist/export/worker.js:191:76)
gvteway:build:     at async Span.traceAsyncFn (/Users/julianclarkson/Documents/Dragonflyone/node_modules/.pnpm/next@14.2.34_@babel+core@7.28.5_@opentelemetry+api@1.9.0_@playwright+test@1.56.1_react-dom@18_7hgdyk63qyoywe26j4c7wzx2ra/node_modules/next/dist/trace/trace.js:154:20)
gvteway:build:     at async Object.exportPage (/Users/julianclarkson/Documents/Dragonflyone/node_modules/.pnpm/next@14.2.34_@babel+core@7.28.5_@opentelemetry+api@1.9.0_@playwright+test@1.56.1_react-dom@18_7hgdyk63qyoywe26j4c7wzx2ra/node_modules/next/dist/export/worker.js:237:20)
gvteway:build: 
gvteway:build: Error occurred prerendering page "/lost-found". Read more: https://nextjs.org/docs/messages/prerender-error
gvteway:build: 
gvteway:build: Error: ENOENT: no such file or directory, open '/Users/julianclarkson/Documents/Dragonflyone/apps/gvteway/.next/server/font-manifest.json'
gvteway:build:     at readFileSync (node:fs:442:20)
gvteway:build:     at loadManifest (/Users/julianclarkson/Documents/Dragonflyone/node_modules/.pnpm/next@14.2.34_@babel+core@7.28.5_@opentelemetry+api@1.9.0_@playwright+test@1.56.1_react-dom@18_7hgdyk63qyoywe26j4c7wzx2ra/node_modules/next/dist/server/load-manifest.js:36:52)
gvteway:build:     at requireFontManifest (/Users/julianclarkson/Documents/Dragonflyone/node_modules/.pnpm/next@14.2.34_@babel+core@7.28.5_@opentelemetry+api@1.9.0_@playwright+test@1.56.1_react-dom@18_7hgdyk63qyoywe26j4c7wzx2ra/node_modules/next/dist/server/require.js:117:57)
gvteway:build:     at exportPageImpl (/Users/julianclarkson/Documents/Dragonflyone/node_modules/.pnpm/next@14.2.34_@babel+core@7.28.5_@opentelemetry+api@1.9.0_@playwright+test@1.56.1_react-dom@18_7hgdyk63qyoywe26j4c7wzx2ra/node_modules/next/dist/export/worker.js:191:76)
gvteway:build:     at async Span.traceAsyncFn (/Users/julianclarkson/Documents/Dragonflyone/node_modules/.pnpm/next@14.2.34_@babel+core@7.28.5_@opentelemetry+api@1.9.0_@playwright+test@1.56.1_react-dom@18_7hgdyk63qyoywe26j4c7wzx2ra/node_modules/next/dist/trace/trace.js:154:20)
gvteway:build:     at async Object.exportPage (/Users/julianclarkson/Documents/Dragonflyone/node_modules/.pnpm/next@14.2.34_@babel+core@7.28.5_@opentelemetry+api@1.9.0_@playwright+test@1.56.1_react-dom@18_7hgdyk63qyoywe26j4c7wzx2ra/node_modules/next/dist/export/worker.js:237:20)
gvteway:build: 
gvteway:build: Error occurred prerendering page "/map". Read more: https://nextjs.org/docs/messages/prerender-error
gvteway:build: 
gvteway:build: Error: ENOENT: no such file or directory, open '/Users/julianclarkson/Documents/Dragonflyone/apps/gvteway/.next/server/font-manifest.json'
gvteway:build:     at readFileSync (node:fs:442:20)
gvteway:build:     at loadManifest (/Users/julianclarkson/Documents/Dragonflyone/node_modules/.pnpm/next@14.2.34_@babel+core@7.28.5_@opentelemetry+api@1.9.0_@playwright+test@1.56.1_react-dom@18_7hgdyk63qyoywe26j4c7wzx2ra/node_modules/next/dist/server/load-manifest.js:36:52)
gvteway:build:     at requireFontManifest (/Users/julianclarkson/Documents/Dragonflyone/node_modules/.pnpm/next@14.2.34_@babel+core@7.28.5_@opentelemetry+api@1.9.0_@playwright+test@1.56.1_react-dom@18_7hgdyk63qyoywe26j4c7wzx2ra/node_modules/next/dist/server/require.js:117:57)
gvteway:build:     at exportPageImpl (/Users/julianclarkson/Documents/Dragonflyone/node_modules/.pnpm/next@14.2.34_@babel+core@7.28.5_@opentelemetry+api@1.9.0_@playwright+test@1.56.1_react-dom@18_7hgdyk63qyoywe26j4c7wzx2ra/node_modules/next/dist/export/worker.js:191:76)
gvteway:build:     at async Span.traceAsyncFn (/Users/julianclarkson/Documents/Dragonflyone/node_modules/.pnpm/next@14.2.34_@babel+core@7.28.5_@opentelemetry+api@1.9.0_@playwright+test@1.56.1_react-dom@18_7hgdyk63qyoywe26j4c7wzx2ra/node_modules/next/dist/trace/trace.js:154:20)
gvteway:build:     at async Object.exportPage (/Users/julianclarkson/Documents/Dragonflyone/node_modules/.pnpm/next@14.2.34_@babel+core@7.28.5_@opentelemetry+api@1.9.0_@playwright+test@1.56.1_react-dom@18_7hgdyk63qyoywe26j4c7wzx2ra/node_modules/next/dist/export/worker.js:237:20)
gvteway:build: 
gvteway:build: Error occurred prerendering page "/marketing/ab-testing". Read more: https://nextjs.org/docs/messages/prerender-error
gvteway:build: 
gvteway:build: Error: ENOENT: no such file or directory, open '/Users/julianclarkson/Documents/Dragonflyone/apps/gvteway/.next/server/font-manifest.json'
gvteway:build:     at readFileSync (node:fs:442:20)
gvteway:build:     at loadManifest (/Users/julianclarkson/Documents/Dragonflyone/node_modules/.pnpm/next@14.2.34_@babel+core@7.28.5_@opentelemetry+api@1.9.0_@playwright+test@1.56.1_react-dom@18_7hgdyk63qyoywe26j4c7wzx2ra/node_modules/next/dist/server/load-manifest.js:36:52)
gvteway:build:     at requireFontManifest (/Users/julianclarkson/Documents/Dragonflyone/node_modules/.pnpm/next@14.2.34_@babel+core@7.28.5_@opentelemetry+api@1.9.0_@playwright+test@1.56.1_react-dom@18_7hgdyk63qyoywe26j4c7wzx2ra/node_modules/next/dist/server/require.js:117:57)
gvteway:build:     at exportPageImpl (/Users/julianclarkson/Documents/Dragonflyone/node_modules/.pnpm/next@14.2.34_@babel+core@7.28.5_@opentelemetry+api@1.9.0_@playwright+test@1.56.1_react-dom@18_7hgdyk63qyoywe26j4c7wzx2ra/node_modules/next/dist/export/worker.js:191:76)
gvteway:build:     at async Span.traceAsyncFn (/Users/julianclarkson/Documents/Dragonflyone/node_modules/.pnpm/next@14.2.34_@babel+core@7.28.5_@opentelemetry+api@1.9.0_@playwright+test@1.56.1_react-dom@18_7hgdyk63qyoywe26j4c7wzx2ra/node_modules/next/dist/trace/trace.js:154:20)
gvteway:build:     at async Object.exportPage (/Users/julianclarkson/Documents/Dragonflyone/node_modules/.pnpm/next@14.2.34_@babel+core@7.28.5_@opentelemetry+api@1.9.0_@playwright+test@1.56.1_react-dom@18_7hgdyk63qyoywe26j4c7wzx2ra/node_modules/next/dist/export/worker.js:237:20)
gvteway:build: 
gvteway:build: Error occurred prerendering page "/marketing/analytics". Read more: https://nextjs.org/docs/messages/prerender-error
gvteway:build: 
gvteway:build: Error: ENOENT: no such file or directory, open '/Users/julianclarkson/Documents/Dragonflyone/apps/gvteway/.next/server/font-manifest.json'
gvteway:build:     at readFileSync (node:fs:442:20)
gvteway:build:     at loadManifest (/Users/julianclarkson/Documents/Dragonflyone/node_modules/.pnpm/next@14.2.34_@babel+core@7.28.5_@opentelemetry+api@1.9.0_@playwright+test@1.56.1_react-dom@18_7hgdyk63qyoywe26j4c7wzx2ra/node_modules/next/dist/server/load-manifest.js:36:52)
gvteway:build:     at requireFontManifest (/Users/julianclarkson/Documents/Dragonflyone/node_modules/.pnpm/next@14.2.34_@babel+core@7.28.5_@opentelemetry+api@1.9.0_@playwright+test@1.56.1_react-dom@18_7hgdyk63qyoywe26j4c7wzx2ra/node_modules/next/dist/server/require.js:117:57)
gvteway:build:     at exportPageImpl (/Users/julianclarkson/Documents/Dragonflyone/node_modules/.pnpm/next@14.2.34_@babel+core@7.28.5_@opentelemetry+api@1.9.0_@playwright+test@1.56.1_react-dom@18_7hgdyk63qyoywe26j4c7wzx2ra/node_modules/next/dist/export/worker.js:191:76)
gvteway:build:     at async Span.traceAsyncFn (/Users/julianclarkson/Documents/Dragonflyone/node_modules/.pnpm/next@14.2.34_@babel+core@7.28.5_@opentelemetry+api@1.9.0_@playwright+test@1.56.1_react-dom@18_7hgdyk63qyoywe26j4c7wzx2ra/node_modules/next/dist/trace/trace.js:154:20)
gvteway:build:     at async Object.exportPage (/Users/julianclarkson/Documents/Dragonflyone/node_modules/.pnpm/next@14.2.34_@babel+core@7.28.5_@opentelemetry+api@1.9.0_@playwright+test@1.56.1_react-dom@18_7hgdyk63qyoywe26j4c7wzx2ra/node_modules/next/dist/export/worker.js:237:20)
gvteway:build: 
gvteway:build: Error occurred prerendering page "/marketing/early-bird". Read more: https://nextjs.org/docs/messages/prerender-error
gvteway:build: 
gvteway:build: Error: ENOENT: no such file or directory, open '/Users/julianclarkson/Documents/Dragonflyone/apps/gvteway/.next/server/font-manifest.json'
gvteway:build:     at readFileSync (node:fs:442:20)
gvteway:build:     at loadManifest (/Users/julianclarkson/Documents/Dragonflyone/node_modules/.pnpm/next@14.2.34_@babel+core@7.28.5_@opentelemetry+api@1.9.0_@playwright+test@1.56.1_react-dom@18_7hgdyk63qyoywe26j4c7wzx2ra/node_modules/next/dist/server/load-manifest.js:36:52)
gvteway:build:     at requireFontManifest (/Users/julianclarkson/Documents/Dragonflyone/node_modules/.pnpm/next@14.2.34_@babel+core@7.28.5_@opentelemetry+api@1.9.0_@playwright+test@1.56.1_react-dom@18_7hgdyk63qyoywe26j4c7wzx2ra/node_modules/next/dist/server/require.js:117:57)
gvteway:build:     at exportPageImpl (/Users/julianclarkson/Documents/Dragonflyone/node_modules/.pnpm/next@14.2.34_@babel+core@7.28.5_@opentelemetry+api@1.9.0_@playwright+test@1.56.1_react-dom@18_7hgdyk63qyoywe26j4c7wzx2ra/node_modules/next/dist/export/worker.js:191:76)
gvteway:build:     at async Span.traceAsyncFn (/Users/julianclarkson/Documents/Dragonflyone/node_modules/.pnpm/next@14.2.34_@babel+core@7.28.5_@opentelemetry+api@1.9.0_@playwright+test@1.56.1_react-dom@18_7hgdyk63qyoywe26j4c7wzx2ra/node_modules/next/dist/trace/trace.js:154:20)
gvteway:build:     at async Object.exportPage (/Users/julianclarkson/Documents/Dragonflyone/node_modules/.pnpm/next@14.2.34_@babel+core@7.28.5_@opentelemetry+api@1.9.0_@playwright+test@1.56.1_react-dom@18_7hgdyk63qyoywe26j4c7wzx2ra/node_modules/next/dist/export/worker.js:237:20)
gvteway:build: 
gvteway:build: Error occurred prerendering page "/marketing/media-kit". Read more: https://nextjs.org/docs/messages/prerender-error
gvteway:build: 
gvteway:build: Error: ENOENT: no such file or directory, open '/Users/julianclarkson/Documents/Dragonflyone/apps/gvteway/.next/server/font-manifest.json'
gvteway:build:     at readFileSync (node:fs:442:20)
gvteway:build:     at loadManifest (/Users/julianclarkson/Documents/Dragonflyone/node_modules/.pnpm/next@14.2.34_@babel+core@7.28.5_@opentelemetry+api@1.9.0_@playwright+test@1.56.1_react-dom@18_7hgdyk63qyoywe26j4c7wzx2ra/node_modules/next/dist/server/load-manifest.js:36:52)
gvteway:build:     at requireFontManifest (/Users/julianclarkson/Documents/Dragonflyone/node_modules/.pnpm/next@14.2.34_@babel+core@7.28.5_@opentelemetry+api@1.9.0_@playwright+test@1.56.1_react-dom@18_7hgdyk63qyoywe26j4c7wzx2ra/node_modules/next/dist/server/require.js:117:57)
gvteway:build:     at exportPageImpl (/Users/julianclarkson/Documents/Dragonflyone/node_modules/.pnpm/next@14.2.34_@babel+core@7.28.5_@opentelemetry+api@1.9.0_@playwright+test@1.56.1_react-dom@18_7hgdyk63qyoywe26j4c7wzx2ra/node_modules/next/dist/export/worker.js:191:76)
gvteway:build:     at async Span.traceAsyncFn (/Users/julianclarkson/Documents/Dragonflyone/node_modules/.pnpm/next@14.2.34_@babel+core@7.28.5_@opentelemetry+api@1.9.0_@playwright+test@1.56.1_react-dom@18_7hgdyk63qyoywe26j4c7wzx2ra/node_modules/next/dist/trace/trace.js:154:20)
gvteway:build:     at async Object.exportPage (/Users/julianclarkson/Documents/Dragonflyone/node_modules/.pnpm/next@14.2.34_@babel+core@7.28.5_@opentelemetry+api@1.9.0_@playwright+test@1.56.1_react-dom@18_7hgdyk63qyoywe26j4c7wzx2ra/node_modules/next/dist/export/worker.js:237:20)
gvteway:build: 
gvteway:build: Error occurred prerendering page "/marketing/influencers". Read more: https://nextjs.org/docs/messages/prerender-error
gvteway:build: 
gvteway:build: Error: ENOENT: no such file or directory, open '/Users/julianclarkson/Documents/Dragonflyone/apps/gvteway/.next/server/font-manifest.json'
gvteway:build:     at readFileSync (node:fs:442:20)
gvteway:build:     at loadManifest (/Users/julianclarkson/Documents/Dragonflyone/node_modules/.pnpm/next@14.2.34_@babel+core@7.28.5_@opentelemetry+api@1.9.0_@playwright+test@1.56.1_react-dom@18_7hgdyk63qyoywe26j4c7wzx2ra/node_modules/next/dist/server/load-manifest.js:36:52)
gvteway:build:     at requireFontManifest (/Users/julianclarkson/Documents/Dragonflyone/node_modules/.pnpm/next@14.2.34_@babel+core@7.28.5_@opentelemetry+api@1.9.0_@playwright+test@1.56.1_react-dom@18_7hgdyk63qyoywe26j4c7wzx2ra/node_modules/next/dist/server/require.js:117:57)
gvteway:build:     at exportPageImpl (/Users/julianclarkson/Documents/Dragonflyone/node_modules/.pnpm/next@14.2.34_@babel+core@7.28.5_@opentelemetry+api@1.9.0_@playwright+test@1.56.1_react-dom@18_7hgdyk63qyoywe26j4c7wzx2ra/node_modules/next/dist/export/worker.js:191:76)
gvteway:build:     at async Span.traceAsyncFn (/Users/julianclarkson/Documents/Dragonflyone/node_modules/.pnpm/next@14.2.34_@babel+core@7.28.5_@opentelemetry+api@1.9.0_@playwright+test@1.56.1_react-dom@18_7hgdyk63qyoywe26j4c7wzx2ra/node_modules/next/dist/trace/trace.js:154:20)
gvteway:build:     at async Object.exportPage (/Users/julianclarkson/Documents/Dragonflyone/node_modules/.pnpm/next@14.2.34_@babel+core@7.28.5_@opentelemetry+api@1.9.0_@playwright+test@1.56.1_react-dom@18_7hgdyk63qyoywe26j4c7wzx2ra/node_modules/next/dist/export/worker.js:237:20)
gvteway:build: 
gvteway:build: Error occurred prerendering page "/marketing/pixels". Read more: https://nextjs.org/docs/messages/prerender-error
gvteway:build: 
gvteway:build: Error: ENOENT: no such file or directory, open '/Users/julianclarkson/Documents/Dragonflyone/apps/gvteway/.next/server/font-manifest.json'
gvteway:build:     at readFileSync (node:fs:442:20)
gvteway:build:     at loadManifest (/Users/julianclarkson/Documents/Dragonflyone/node_modules/.pnpm/next@14.2.34_@babel+core@7.28.5_@opentelemetry+api@1.9.0_@playwright+test@1.56.1_react-dom@18_7hgdyk63qyoywe26j4c7wzx2ra/node_modules/next/dist/server/load-manifest.js:36:52)
gvteway:build:     at requireFontManifest (/Users/julianclarkson/Documents/Dragonflyone/node_modules/.pnpm/next@14.2.34_@babel+core@7.28.5_@opentelemetry+api@1.9.0_@playwright+test@1.56.1_react-dom@18_7hgdyk63qyoywe26j4c7wzx2ra/node_modules/next/dist/server/require.js:117:57)
gvteway:build:     at exportPageImpl (/Users/julianclarkson/Documents/Dragonflyone/node_modules/.pnpm/next@14.2.34_@babel+core@7.28.5_@opentelemetry+api@1.9.0_@playwright+test@1.56.1_react-dom@18_7hgdyk63qyoywe26j4c7wzx2ra/node_modules/next/dist/export/worker.js:191:76)
gvteway:build:     at async Span.traceAsyncFn (/Users/julianclarkson/Documents/Dragonflyone/node_modules/.pnpm/next@14.2.34_@babel+core@7.28.5_@opentelemetry+api@1.9.0_@playwright+test@1.56.1_react-dom@18_7hgdyk63qyoywe26j4c7wzx2ra/node_modules/next/dist/trace/trace.js:154:20)
gvteway:build:     at async Object.exportPage (/Users/julianclarkson/Documents/Dragonflyone/node_modules/.pnpm/next@14.2.34_@babel+core@7.28.5_@opentelemetry+api@1.9.0_@playwright+test@1.56.1_react-dom@18_7hgdyk63qyoywe26j4c7wzx2ra/node_modules/next/dist/export/worker.js:237:20)
gvteway:build: 
gvteway:build: Error occurred prerendering page "/match". Read more: https://nextjs.org/docs/messages/prerender-error
gvteway:build: 
gvteway:build: Error: ENOENT: no such file or directory, open '/Users/julianclarkson/Documents/Dragonflyone/apps/gvteway/.next/server/font-manifest.json'
gvteway:build:     at readFileSync (node:fs:442:20)
gvteway:build:     at loadManifest (/Users/julianclarkson/Documents/Dragonflyone/node_modules/.pnpm/next@14.2.34_@babel+core@7.28.5_@opentelemetry+api@1.9.0_@playwright+test@1.56.1_react-dom@18_7hgdyk63qyoywe26j4c7wzx2ra/node_modules/next/dist/server/load-manifest.js:36:52)
gvteway:build:     at requireFontManifest (/Users/julianclarkson/Documents/Dragonflyone/node_modules/.pnpm/next@14.2.34_@babel+core@7.28.5_@opentelemetry+api@1.9.0_@playwright+test@1.56.1_react-dom@18_7hgdyk63qyoywe26j4c7wzx2ra/node_modules/next/dist/server/require.js:117:57)
gvteway:build:     at exportPageImpl (/Users/julianclarkson/Documents/Dragonflyone/node_modules/.pnpm/next@14.2.34_@babel+core@7.28.5_@opentelemetry+api@1.9.0_@playwright+test@1.56.1_react-dom@18_7hgdyk63qyoywe26j4c7wzx2ra/node_modules/next/dist/export/worker.js:191:76)
gvteway:build:     at async Span.traceAsyncFn (/Users/julianclarkson/Documents/Dragonflyone/node_modules/.pnpm/next@14.2.34_@babel+core@7.28.5_@opentelemetry+api@1.9.0_@playwright+test@1.56.1_react-dom@18_7hgdyk63qyoywe26j4c7wzx2ra/node_modules/next/dist/trace/trace.js:154:20)
gvteway:build:     at async Object.exportPage (/Users/julianclarkson/Documents/Dragonflyone/node_modules/.pnpm/next@14.2.34_@babel+core@7.28.5_@opentelemetry+api@1.9.0_@playwright+test@1.56.1_react-dom@18_7hgdyk63qyoywe26j4c7wzx2ra/node_modules/next/dist/export/worker.js:237:20)
gvteway:build: 
gvteway:build: Error occurred prerendering page "/membership/benefits". Read more: https://nextjs.org/docs/messages/prerender-error
gvteway:build: 
gvteway:build: Error: ENOENT: no such file or directory, open '/Users/julianclarkson/Documents/Dragonflyone/apps/gvteway/.next/server/font-manifest.json'
gvteway:build:     at readFileSync (node:fs:442:20)
gvteway:build:     at loadManifest (/Users/julianclarkson/Documents/Dragonflyone/node_modules/.pnpm/next@14.2.34_@babel+core@7.28.5_@opentelemetry+api@1.9.0_@playwright+test@1.56.1_react-dom@18_7hgdyk63qyoywe26j4c7wzx2ra/node_modules/next/dist/server/load-manifest.js:36:52)
gvteway:build:     at requireFontManifest (/Users/julianclarkson/Documents/Dragonflyone/node_modules/.pnpm/next@14.2.34_@babel+core@7.28.5_@opentelemetry+api@1.9.0_@playwright+test@1.56.1_react-dom@18_7hgdyk63qyoywe26j4c7wzx2ra/node_modules/next/dist/server/require.js:117:57)
gvteway:build:     at exportPageImpl (/Users/julianclarkson/Documents/Dragonflyone/node_modules/.pnpm/next@14.2.34_@babel+core@7.28.5_@opentelemetry+api@1.9.0_@playwright+test@1.56.1_react-dom@18_7hgdyk63qyoywe26j4c7wzx2ra/node_modules/next/dist/export/worker.js:191:76)
gvteway:build:     at async Span.traceAsyncFn (/Users/julianclarkson/Documents/Dragonflyone/node_modules/.pnpm/next@14.2.34_@babel+core@7.28.5_@opentelemetry+api@1.9.0_@playwright+test@1.56.1_react-dom@18_7hgdyk63qyoywe26j4c7wzx2ra/node_modules/next/dist/trace/trace.js:154:20)
gvteway:build:     at async Object.exportPage (/Users/julianclarkson/Documents/Dragonflyone/node_modules/.pnpm/next@14.2.34_@babel+core@7.28.5_@opentelemetry+api@1.9.0_@playwright+test@1.56.1_react-dom@18_7hgdyk63qyoywe26j4c7wzx2ra/node_modules/next/dist/export/worker.js:237:20)
gvteway:build: 
gvteway:build: Error occurred prerendering page "/membership". Read more: https://nextjs.org/docs/messages/prerender-error
gvteway:build: 
gvteway:build: Error: ENOENT: no such file or directory, open '/Users/julianclarkson/Documents/Dragonflyone/apps/gvteway/.next/server/font-manifest.json'
gvteway:build:     at readFileSync (node:fs:442:20)
gvteway:build:     at loadManifest (/Users/julianclarkson/Documents/Dragonflyone/node_modules/.pnpm/next@14.2.34_@babel+core@7.28.5_@opentelemetry+api@1.9.0_@playwright+test@1.56.1_react-dom@18_7hgdyk63qyoywe26j4c7wzx2ra/node_modules/next/dist/server/load-manifest.js:36:52)
gvteway:build:     at requireFontManifest (/Users/julianclarkson/Documents/Dragonflyone/node_modules/.pnpm/next@14.2.34_@babel+core@7.28.5_@opentelemetry+api@1.9.0_@playwright+test@1.56.1_react-dom@18_7hgdyk63qyoywe26j4c7wzx2ra/node_modules/next/dist/server/require.js:117:57)
gvteway:build:     at exportPageImpl (/Users/julianclarkson/Documents/Dragonflyone/node_modules/.pnpm/next@14.2.34_@babel+core@7.28.5_@opentelemetry+api@1.9.0_@playwright+test@1.56.1_react-dom@18_7hgdyk63qyoywe26j4c7wzx2ra/node_modules/next/dist/export/worker.js:191:76)
gvteway:build:     at async Span.traceAsyncFn (/Users/julianclarkson/Documents/Dragonflyone/node_modules/.pnpm/next@14.2.34_@babel+core@7.28.5_@opentelemetry+api@1.9.0_@playwright+test@1.56.1_react-dom@18_7hgdyk63qyoywe26j4c7wzx2ra/node_modules/next/dist/trace/trace.js:154:20)
gvteway:build:     at async Object.exportPage (/Users/julianclarkson/Documents/Dragonflyone/node_modules/.pnpm/next@14.2.34_@babel+core@7.28.5_@opentelemetry+api@1.9.0_@playwright+test@1.56.1_react-dom@18_7hgdyk63qyoywe26j4c7wzx2ra/node_modules/next/dist/export/worker.js:237:20)
gvteway:build: 
gvteway:build: Error occurred prerendering page "/merch/bundles". Read more: https://nextjs.org/docs/messages/prerender-error
gvteway:build: 
gvteway:build: Error: ENOENT: no such file or directory, open '/Users/julianclarkson/Documents/Dragonflyone/apps/gvteway/.next/server/font-manifest.json'
gvteway:build:     at readFileSync (node:fs:442:20)
gvteway:build:     at loadManifest (/Users/julianclarkson/Documents/Dragonflyone/node_modules/.pnpm/next@14.2.34_@babel+core@7.28.5_@opentelemetry+api@1.9.0_@playwright+test@1.56.1_react-dom@18_7hgdyk63qyoywe26j4c7wzx2ra/node_modules/next/dist/server/load-manifest.js:36:52)
gvteway:build:     at requireFontManifest (/Users/julianclarkson/Documents/Dragonflyone/node_modules/.pnpm/next@14.2.34_@babel+core@7.28.5_@opentelemetry+api@1.9.0_@playwright+test@1.56.1_react-dom@18_7hgdyk63qyoywe26j4c7wzx2ra/node_modules/next/dist/server/require.js:117:57)
gvteway:build:     at exportPageImpl (/Users/julianclarkson/Documents/Dragonflyone/node_modules/.pnpm/next@14.2.34_@babel+core@7.28.5_@opentelemetry+api@1.9.0_@playwright+test@1.56.1_react-dom@18_7hgdyk63qyoywe26j4c7wzx2ra/node_modules/next/dist/export/worker.js:191:76)
gvteway:build:     at async Span.traceAsyncFn (/Users/julianclarkson/Documents/Dragonflyone/node_modules/.pnpm/next@14.2.34_@babel+core@7.28.5_@opentelemetry+api@1.9.0_@playwright+test@1.56.1_react-dom@18_7hgdyk63qyoywe26j4c7wzx2ra/node_modules/next/dist/trace/trace.js:154:20)
gvteway:build:     at async Object.exportPage (/Users/julianclarkson/Documents/Dragonflyone/node_modules/.pnpm/next@14.2.34_@babel+core@7.28.5_@opentelemetry+api@1.9.0_@playwright+test@1.56.1_react-dom@18_7hgdyk63qyoywe26j4c7wzx2ra/node_modules/next/dist/export/worker.js:237:20)
gvteway:build: 
gvteway:build: Error occurred prerendering page "/merch". Read more: https://nextjs.org/docs/messages/prerender-error
gvteway:build: 
gvteway:build: Error: ENOENT: no such file or directory, open '/Users/julianclarkson/Documents/Dragonflyone/apps/gvteway/.next/server/font-manifest.json'
gvteway:build:     at readFileSync (node:fs:442:20)
gvteway:build:     at loadManifest (/Users/julianclarkson/Documents/Dragonflyone/node_modules/.pnpm/next@14.2.34_@babel+core@7.28.5_@opentelemetry+api@1.9.0_@playwright+test@1.56.1_react-dom@18_7hgdyk63qyoywe26j4c7wzx2ra/node_modules/next/dist/server/load-manifest.js:36:52)
gvteway:build:     at requireFontManifest (/Users/julianclarkson/Documents/Dragonflyone/node_modules/.pnpm/next@14.2.34_@babel+core@7.28.5_@opentelemetry+api@1.9.0_@playwright+test@1.56.1_react-dom@18_7hgdyk63qyoywe26j4c7wzx2ra/node_modules/next/dist/server/require.js:117:57)
gvteway:build:     at exportPageImpl (/Users/julianclarkson/Documents/Dragonflyone/node_modules/.pnpm/next@14.2.34_@babel+core@7.28.5_@opentelemetry+api@1.9.0_@playwright+test@1.56.1_react-dom@18_7hgdyk63qyoywe26j4c7wzx2ra/node_modules/next/dist/export/worker.js:191:76)
gvteway:build:     at async Span.traceAsyncFn (/Users/julianclarkson/Documents/Dragonflyone/node_modules/.pnpm/next@14.2.34_@babel+core@7.28.5_@opentelemetry+api@1.9.0_@playwright+test@1.56.1_react-dom@18_7hgdyk63qyoywe26j4c7wzx2ra/node_modules/next/dist/trace/trace.js:154:20)
gvteway:build:     at async Object.exportPage (/Users/julianclarkson/Documents/Dragonflyone/node_modules/.pnpm/next@14.2.34_@babel+core@7.28.5_@opentelemetry+api@1.9.0_@playwright+test@1.56.1_react-dom@18_7hgdyk63qyoywe26j4c7wzx2ra/node_modules/next/dist/export/worker.js:237:20)
gvteway:build: 
gvteway:build: Error occurred prerendering page "/messages". Read more: https://nextjs.org/docs/messages/prerender-error
gvteway:build: 
gvteway:build: Error: ENOENT: no such file or directory, open '/Users/julianclarkson/Documents/Dragonflyone/apps/gvteway/.next/server/font-manifest.json'
gvteway:build:     at readFileSync (node:fs:442:20)
gvteway:build:     at loadManifest (/Users/julianclarkson/Documents/Dragonflyone/node_modules/.pnpm/next@14.2.34_@babel+core@7.28.5_@opentelemetry+api@1.9.0_@playwright+test@1.56.1_react-dom@18_7hgdyk63qyoywe26j4c7wzx2ra/node_modules/next/dist/server/load-manifest.js:36:52)
gvteway:build:     at requireFontManifest (/Users/julianclarkson/Documents/Dragonflyone/node_modules/.pnpm/next@14.2.34_@babel+core@7.28.5_@opentelemetry+api@1.9.0_@playwright+test@1.56.1_react-dom@18_7hgdyk63qyoywe26j4c7wzx2ra/node_modules/next/dist/server/require.js:117:57)
gvteway:build:     at exportPageImpl (/Users/julianclarkson/Documents/Dragonflyone/node_modules/.pnpm/next@14.2.34_@babel+core@7.28.5_@opentelemetry+api@1.9.0_@playwright+test@1.56.1_react-dom@18_7hgdyk63qyoywe26j4c7wzx2ra/node_modules/next/dist/export/worker.js:191:76)
gvteway:build:     at async Span.traceAsyncFn (/Users/julianclarkson/Documents/Dragonflyone/node_modules/.pnpm/next@14.2.34_@babel+core@7.28.5_@opentelemetry+api@1.9.0_@playwright+test@1.56.1_react-dom@18_7hgdyk63qyoywe26j4c7wzx2ra/node_modules/next/dist/trace/trace.js:154:20)
gvteway:build:     at async Object.exportPage (/Users/julianclarkson/Documents/Dragonflyone/node_modules/.pnpm/next@14.2.34_@babel+core@7.28.5_@opentelemetry+api@1.9.0_@playwright+test@1.56.1_react-dom@18_7hgdyk63qyoywe26j4c7wzx2ra/node_modules/next/dist/export/worker.js:237:20)
gvteway:build: 
gvteway:build: Error occurred prerendering page "/moderate". Read more: https://nextjs.org/docs/messages/prerender-error
gvteway:build: 
gvteway:build: Error: ENOENT: no such file or directory, open '/Users/julianclarkson/Documents/Dragonflyone/apps/gvteway/.next/server/font-manifest.json'
gvteway:build:     at readFileSync (node:fs:442:20)
gvteway:build:     at loadManifest (/Users/julianclarkson/Documents/Dragonflyone/node_modules/.pnpm/next@14.2.34_@babel+core@7.28.5_@opentelemetry+api@1.9.0_@playwright+test@1.56.1_react-dom@18_7hgdyk63qyoywe26j4c7wzx2ra/node_modules/next/dist/server/load-manifest.js:36:52)
gvteway:build:     at requireFontManifest (/Users/julianclarkson/Documents/Dragonflyone/node_modules/.pnpm/next@14.2.34_@babel+core@7.28.5_@opentelemetry+api@1.9.0_@playwright+test@1.56.1_react-dom@18_7hgdyk63qyoywe26j4c7wzx2ra/node_modules/next/dist/server/require.js:117:57)
gvteway:build:     at exportPageImpl (/Users/julianclarkson/Documents/Dragonflyone/node_modules/.pnpm/next@14.2.34_@babel+core@7.28.5_@opentelemetry+api@1.9.0_@playwright+test@1.56.1_react-dom@18_7hgdyk63qyoywe26j4c7wzx2ra/node_modules/next/dist/export/worker.js:191:76)
gvteway:build:     at async Span.traceAsyncFn (/Users/julianclarkson/Documents/Dragonflyone/node_modules/.pnpm/next@14.2.34_@babel+core@7.28.5_@opentelemetry+api@1.9.0_@playwright+test@1.56.1_react-dom@18_7hgdyk63qyoywe26j4c7wzx2ra/node_modules/next/dist/trace/trace.js:154:20)
gvteway:build:     at async Object.exportPage (/Users/julianclarkson/Documents/Dragonflyone/node_modules/.pnpm/next@14.2.34_@babel+core@7.28.5_@opentelemetry+api@1.9.0_@playwright+test@1.56.1_react-dom@18_7hgdyk63qyoywe26j4c7wzx2ra/node_modules/next/dist/export/worker.js:237:20)
gvteway:build: 
gvteway:build: Error occurred prerendering page "/my-events". Read more: https://nextjs.org/docs/messages/prerender-error
gvteway:build: 
gvteway:build: Error: ENOENT: no such file or directory, open '/Users/julianclarkson/Documents/Dragonflyone/apps/gvteway/.next/server/font-manifest.json'
gvteway:build:     at readFileSync (node:fs:442:20)
gvteway:build:     at loadManifest (/Users/julianclarkson/Documents/Dragonflyone/node_modules/.pnpm/next@14.2.34_@babel+core@7.28.5_@opentelemetry+api@1.9.0_@playwright+test@1.56.1_react-dom@18_7hgdyk63qyoywe26j4c7wzx2ra/node_modules/next/dist/server/load-manifest.js:36:52)
gvteway:build:     at requireFontManifest (/Users/julianclarkson/Documents/Dragonflyone/node_modules/.pnpm/next@14.2.34_@babel+core@7.28.5_@opentelemetry+api@1.9.0_@playwright+test@1.56.1_react-dom@18_7hgdyk63qyoywe26j4c7wzx2ra/node_modules/next/dist/server/require.js:117:57)
gvteway:build:     at exportPageImpl (/Users/julianclarkson/Documents/Dragonflyone/node_modules/.pnpm/next@14.2.34_@babel+core@7.28.5_@opentelemetry+api@1.9.0_@playwright+test@1.56.1_react-dom@18_7hgdyk63qyoywe26j4c7wzx2ra/node_modules/next/dist/export/worker.js:191:76)
gvteway:build:     at async Span.traceAsyncFn (/Users/julianclarkson/Documents/Dragonflyone/node_modules/.pnpm/next@14.2.34_@babel+core@7.28.5_@opentelemetry+api@1.9.0_@playwright+test@1.56.1_react-dom@18_7hgdyk63qyoywe26j4c7wzx2ra/node_modules/next/dist/trace/trace.js:154:20)
gvteway:build:     at async Object.exportPage (/Users/julianclarkson/Documents/Dragonflyone/node_modules/.pnpm/next@14.2.34_@babel+core@7.28.5_@opentelemetry+api@1.9.0_@playwright+test@1.56.1_react-dom@18_7hgdyk63qyoywe26j4c7wzx2ra/node_modules/next/dist/export/worker.js:237:20)
gvteway:build: 
gvteway:build: Error occurred prerendering page "/nearby". Read more: https://nextjs.org/docs/messages/prerender-error
gvteway:build: 
gvteway:build: Error: ENOENT: no such file or directory, open '/Users/julianclarkson/Documents/Dragonflyone/apps/gvteway/.next/server/font-manifest.json'
gvteway:build:     at readFileSync (node:fs:442:20)
gvteway:build:     at loadManifest (/Users/julianclarkson/Documents/Dragonflyone/node_modules/.pnpm/next@14.2.34_@babel+core@7.28.5_@opentelemetry+api@1.9.0_@playwright+test@1.56.1_react-dom@18_7hgdyk63qyoywe26j4c7wzx2ra/node_modules/next/dist/server/load-manifest.js:36:52)
gvteway:build:     at requireFontManifest (/Users/julianclarkson/Documents/Dragonflyone/node_modules/.pnpm/next@14.2.34_@babel+core@7.28.5_@opentelemetry+api@1.9.0_@playwright+test@1.56.1_react-dom@18_7hgdyk63qyoywe26j4c7wzx2ra/node_modules/next/dist/server/require.js:117:57)
gvteway:build:     at exportPageImpl (/Users/julianclarkson/Documents/Dragonflyone/node_modules/.pnpm/next@14.2.34_@babel+core@7.28.5_@opentelemetry+api@1.9.0_@playwright+test@1.56.1_react-dom@18_7hgdyk63qyoywe26j4c7wzx2ra/node_modules/next/dist/export/worker.js:191:76)
gvteway:build:     at async Span.traceAsyncFn (/Users/julianclarkson/Documents/Dragonflyone/node_modules/.pnpm/next@14.2.34_@babel+core@7.28.5_@opentelemetry+api@1.9.0_@playwright+test@1.56.1_react-dom@18_7hgdyk63qyoywe26j4c7wzx2ra/node_modules/next/dist/trace/trace.js:154:20)
gvteway:build:     at async Object.exportPage (/Users/julianclarkson/Documents/Dragonflyone/node_modules/.pnpm/next@14.2.34_@babel+core@7.28.5_@opentelemetry+api@1.9.0_@playwright+test@1.56.1_react-dom@18_7hgdyk63qyoywe26j4c7wzx2ra/node_modules/next/dist/export/worker.js:237:20)
gvteway:build: 
gvteway:build: Error occurred prerendering page "/new-events". Read more: https://nextjs.org/docs/messages/prerender-error
gvteway:build: 
gvteway:build: Error: ENOENT: no such file or directory, open '/Users/julianclarkson/Documents/Dragonflyone/apps/gvteway/.next/server/font-manifest.json'
gvteway:build:     at readFileSync (node:fs:442:20)
gvteway:build:     at loadManifest (/Users/julianclarkson/Documents/Dragonflyone/node_modules/.pnpm/next@14.2.34_@babel+core@7.28.5_@opentelemetry+api@1.9.0_@playwright+test@1.56.1_react-dom@18_7hgdyk63qyoywe26j4c7wzx2ra/node_modules/next/dist/server/load-manifest.js:36:52)
gvteway:build:     at requireFontManifest (/Users/julianclarkson/Documents/Dragonflyone/node_modules/.pnpm/next@14.2.34_@babel+core@7.28.5_@opentelemetry+api@1.9.0_@playwright+test@1.56.1_react-dom@18_7hgdyk63qyoywe26j4c7wzx2ra/node_modules/next/dist/server/require.js:117:57)
gvteway:build:     at exportPageImpl (/Users/julianclarkson/Documents/Dragonflyone/node_modules/.pnpm/next@14.2.34_@babel+core@7.28.5_@opentelemetry+api@1.9.0_@playwright+test@1.56.1_react-dom@18_7hgdyk63qyoywe26j4c7wzx2ra/node_modules/next/dist/export/worker.js:191:76)
gvteway:build:     at async Span.traceAsyncFn (/Users/julianclarkson/Documents/Dragonflyone/node_modules/.pnpm/next@14.2.34_@babel+core@7.28.5_@opentelemetry+api@1.9.0_@playwright+test@1.56.1_react-dom@18_7hgdyk63qyoywe26j4c7wzx2ra/node_modules/next/dist/trace/trace.js:154:20)
gvteway:build:     at async Object.exportPage (/Users/julianclarkson/Documents/Dragonflyone/node_modules/.pnpm/next@14.2.34_@babel+core@7.28.5_@opentelemetry+api@1.9.0_@playwright+test@1.56.1_react-dom@18_7hgdyk63qyoywe26j4c7wzx2ra/node_modules/next/dist/export/worker.js:237:20)
gvteway:build: 
gvteway:build: Error occurred prerendering page "/notifications". Read more: https://nextjs.org/docs/messages/prerender-error
gvteway:build: 
gvteway:build: Error: ENOENT: no such file or directory, open '/Users/julianclarkson/Documents/Dragonflyone/apps/gvteway/.next/server/font-manifest.json'
gvteway:build:     at readFileSync (node:fs:442:20)
gvteway:build:     at loadManifest (/Users/julianclarkson/Documents/Dragonflyone/node_modules/.pnpm/next@14.2.34_@babel+core@7.28.5_@opentelemetry+api@1.9.0_@playwright+test@1.56.1_react-dom@18_7hgdyk63qyoywe26j4c7wzx2ra/node_modules/next/dist/server/load-manifest.js:36:52)
gvteway:build:     at requireFontManifest (/Users/julianclarkson/Documents/Dragonflyone/node_modules/.pnpm/next@14.2.34_@babel+core@7.28.5_@opentelemetry+api@1.9.0_@playwright+test@1.56.1_react-dom@18_7hgdyk63qyoywe26j4c7wzx2ra/node_modules/next/dist/server/require.js:117:57)
gvteway:build:     at exportPageImpl (/Users/julianclarkson/Documents/Dragonflyone/node_modules/.pnpm/next@14.2.34_@babel+core@7.28.5_@opentelemetry+api@1.9.0_@playwright+test@1.56.1_react-dom@18_7hgdyk63qyoywe26j4c7wzx2ra/node_modules/next/dist/export/worker.js:191:76)
gvteway:build:     at async Span.traceAsyncFn (/Users/julianclarkson/Documents/Dragonflyone/node_modules/.pnpm/next@14.2.34_@babel+core@7.28.5_@opentelemetry+api@1.9.0_@playwright+test@1.56.1_react-dom@18_7hgdyk63qyoywe26j4c7wzx2ra/node_modules/next/dist/trace/trace.js:154:20)
gvteway:build:     at async Object.exportPage (/Users/julianclarkson/Documents/Dragonflyone/node_modules/.pnpm/next@14.2.34_@babel+core@7.28.5_@opentelemetry+api@1.9.0_@playwright+test@1.56.1_react-dom@18_7hgdyk63qyoywe26j4c7wzx2ra/node_modules/next/dist/export/worker.js:237:20)
gvteway:build: 
gvteway:build: Error occurred prerendering page "/offline". Read more: https://nextjs.org/docs/messages/prerender-error
gvteway:build: 
gvteway:build: Error: ENOENT: no such file or directory, open '/Users/julianclarkson/Documents/Dragonflyone/apps/gvteway/.next/server/font-manifest.json'
gvteway:build:     at readFileSync (node:fs:442:20)
gvteway:build:     at loadManifest (/Users/julianclarkson/Documents/Dragonflyone/node_modules/.pnpm/next@14.2.34_@babel+core@7.28.5_@opentelemetry+api@1.9.0_@playwright+test@1.56.1_react-dom@18_7hgdyk63qyoywe26j4c7wzx2ra/node_modules/next/dist/server/load-manifest.js:36:52)
gvteway:build:     at requireFontManifest (/Users/julianclarkson/Documents/Dragonflyone/node_modules/.pnpm/next@14.2.34_@babel+core@7.28.5_@opentelemetry+api@1.9.0_@playwright+test@1.56.1_react-dom@18_7hgdyk63qyoywe26j4c7wzx2ra/node_modules/next/dist/server/require.js:117:57)
gvteway:build:     at exportPageImpl (/Users/julianclarkson/Documents/Dragonflyone/node_modules/.pnpm/next@14.2.34_@babel+core@7.28.5_@opentelemetry+api@1.9.0_@playwright+test@1.56.1_react-dom@18_7hgdyk63qyoywe26j4c7wzx2ra/node_modules/next/dist/export/worker.js:191:76)
gvteway:build:     at async Span.traceAsyncFn (/Users/julianclarkson/Documents/Dragonflyone/node_modules/.pnpm/next@14.2.34_@babel+core@7.28.5_@opentelemetry+api@1.9.0_@playwright+test@1.56.1_react-dom@18_7hgdyk63qyoywe26j4c7wzx2ra/node_modules/next/dist/trace/trace.js:154:20)
gvteway:build:     at async Object.exportPage (/Users/julianclarkson/Documents/Dragonflyone/node_modules/.pnpm/next@14.2.34_@babel+core@7.28.5_@opentelemetry+api@1.9.0_@playwright+test@1.56.1_react-dom@18_7hgdyk63qyoywe26j4c7wzx2ra/node_modules/next/dist/export/worker.js:237:20)
gvteway:build: 
gvteway:build: Error occurred prerendering page "/onboarding". Read more: https://nextjs.org/docs/messages/prerender-error
gvteway:build: 
gvteway:build: Error: ENOENT: no such file or directory, open '/Users/julianclarkson/Documents/Dragonflyone/apps/gvteway/.next/server/font-manifest.json'
gvteway:build:     at readFileSync (node:fs:442:20)
gvteway:build:     at loadManifest (/Users/julianclarkson/Documents/Dragonflyone/node_modules/.pnpm/next@14.2.34_@babel+core@7.28.5_@opentelemetry+api@1.9.0_@playwright+test@1.56.1_react-dom@18_7hgdyk63qyoywe26j4c7wzx2ra/node_modules/next/dist/server/load-manifest.js:36:52)
gvteway:build:     at requireFontManifest (/Users/julianclarkson/Documents/Dragonflyone/node_modules/.pnpm/next@14.2.34_@babel+core@7.28.5_@opentelemetry+api@1.9.0_@playwright+test@1.56.1_react-dom@18_7hgdyk63qyoywe26j4c7wzx2ra/node_modules/next/dist/server/require.js:117:57)
gvteway:build:     at exportPageImpl (/Users/julianclarkson/Documents/Dragonflyone/node_modules/.pnpm/next@14.2.34_@babel+core@7.28.5_@opentelemetry+api@1.9.0_@playwright+test@1.56.1_react-dom@18_7hgdyk63qyoywe26j4c7wzx2ra/node_modules/next/dist/export/worker.js:191:76)
gvteway:build:     at async Span.traceAsyncFn (/Users/julianclarkson/Documents/Dragonflyone/node_modules/.pnpm/next@14.2.34_@babel+core@7.28.5_@opentelemetry+api@1.9.0_@playwright+test@1.56.1_react-dom@18_7hgdyk63qyoywe26j4c7wzx2ra/node_modules/next/dist/trace/trace.js:154:20)
gvteway:build:     at async Object.exportPage (/Users/julianclarkson/Documents/Dragonflyone/node_modules/.pnpm/next@14.2.34_@babel+core@7.28.5_@opentelemetry+api@1.9.0_@playwright+test@1.56.1_react-dom@18_7hgdyk63qyoywe26j4c7wzx2ra/node_modules/next/dist/export/worker.js:237:20)
gvteway:build: 
gvteway:build: Error occurred prerendering page "/orders/history". Read more: https://nextjs.org/docs/messages/prerender-error
gvteway:build: 
gvteway:build: Error: ENOENT: no such file or directory, open '/Users/julianclarkson/Documents/Dragonflyone/apps/gvteway/.next/server/font-manifest.json'
gvteway:build:     at readFileSync (node:fs:442:20)
gvteway:build:     at loadManifest (/Users/julianclarkson/Documents/Dragonflyone/node_modules/.pnpm/next@14.2.34_@babel+core@7.28.5_@opentelemetry+api@1.9.0_@playwright+test@1.56.1_react-dom@18_7hgdyk63qyoywe26j4c7wzx2ra/node_modules/next/dist/server/load-manifest.js:36:52)
gvteway:build:     at requireFontManifest (/Users/julianclarkson/Documents/Dragonflyone/node_modules/.pnpm/next@14.2.34_@babel+core@7.28.5_@opentelemetry+api@1.9.0_@playwright+test@1.56.1_react-dom@18_7hgdyk63qyoywe26j4c7wzx2ra/node_modules/next/dist/server/require.js:117:57)
gvteway:build:     at exportPageImpl (/Users/julianclarkson/Documents/Dragonflyone/node_modules/.pnpm/next@14.2.34_@babel+core@7.28.5_@opentelemetry+api@1.9.0_@playwright+test@1.56.1_react-dom@18_7hgdyk63qyoywe26j4c7wzx2ra/node_modules/next/dist/export/worker.js:191:76)
gvteway:build:     at async Span.traceAsyncFn (/Users/julianclarkson/Documents/Dragonflyone/node_modules/.pnpm/next@14.2.34_@babel+core@7.28.5_@opentelemetry+api@1.9.0_@playwright+test@1.56.1_react-dom@18_7hgdyk63qyoywe26j4c7wzx2ra/node_modules/next/dist/trace/trace.js:154:20)
gvteway:build:     at async Object.exportPage (/Users/julianclarkson/Documents/Dragonflyone/node_modules/.pnpm/next@14.2.34_@babel+core@7.28.5_@opentelemetry+api@1.9.0_@playwright+test@1.56.1_react-dom@18_7hgdyk63qyoywe26j4c7wzx2ra/node_modules/next/dist/export/worker.js:237:20)
gvteway:build: 
gvteway:build: Error occurred prerendering page "/orders". Read more: https://nextjs.org/docs/messages/prerender-error
gvteway:build: 
gvteway:build: Error: ENOENT: no such file or directory, open '/Users/julianclarkson/Documents/Dragonflyone/apps/gvteway/.next/server/font-manifest.json'
gvteway:build:     at readFileSync (node:fs:442:20)
gvteway:build:     at loadManifest (/Users/julianclarkson/Documents/Dragonflyone/node_modules/.pnpm/next@14.2.34_@babel+core@7.28.5_@opentelemetry+api@1.9.0_@playwright+test@1.56.1_react-dom@18_7hgdyk63qyoywe26j4c7wzx2ra/node_modules/next/dist/server/load-manifest.js:36:52)
gvteway:build:     at requireFontManifest (/Users/julianclarkson/Documents/Dragonflyone/node_modules/.pnpm/next@14.2.34_@babel+core@7.28.5_@opentelemetry+api@1.9.0_@playwright+test@1.56.1_react-dom@18_7hgdyk63qyoywe26j4c7wzx2ra/node_modules/next/dist/server/require.js:117:57)
gvteway:build:     at exportPageImpl (/Users/julianclarkson/Documents/Dragonflyone/node_modules/.pnpm/next@14.2.34_@babel+core@7.28.5_@opentelemetry+api@1.9.0_@playwright+test@1.56.1_react-dom@18_7hgdyk63qyoywe26j4c7wzx2ra/node_modules/next/dist/export/worker.js:191:76)
gvteway:build:     at async Span.traceAsyncFn (/Users/julianclarkson/Documents/Dragonflyone/node_modules/.pnpm/next@14.2.34_@babel+core@7.28.5_@opentelemetry+api@1.9.0_@playwright+test@1.56.1_react-dom@18_7hgdyk63qyoywe26j4c7wzx2ra/node_modules/next/dist/trace/trace.js:154:20)
gvteway:build:     at async Object.exportPage (/Users/julianclarkson/Documents/Dragonflyone/node_modules/.pnpm/next@14.2.34_@babel+core@7.28.5_@opentelemetry+api@1.9.0_@playwright+test@1.56.1_react-dom@18_7hgdyk63qyoywe26j4c7wzx2ra/node_modules/next/dist/export/worker.js:237:20)
gvteway:build: 
gvteway:build: Error occurred prerendering page "/photos". Read more: https://nextjs.org/docs/messages/prerender-error
gvteway:build: 
gvteway:build: Error: ENOENT: no such file or directory, open '/Users/julianclarkson/Documents/Dragonflyone/apps/gvteway/.next/server/font-manifest.json'
gvteway:build:     at readFileSync (node:fs:442:20)
gvteway:build:     at loadManifest (/Users/julianclarkson/Documents/Dragonflyone/node_modules/.pnpm/next@14.2.34_@babel+core@7.28.5_@opentelemetry+api@1.9.0_@playwright+test@1.56.1_react-dom@18_7hgdyk63qyoywe26j4c7wzx2ra/node_modules/next/dist/server/load-manifest.js:36:52)
gvteway:build:     at requireFontManifest (/Users/julianclarkson/Documents/Dragonflyone/node_modules/.pnpm/next@14.2.34_@babel+core@7.28.5_@opentelemetry+api@1.9.0_@playwright+test@1.56.1_react-dom@18_7hgdyk63qyoywe26j4c7wzx2ra/node_modules/next/dist/server/require.js:117:57)
gvteway:build:     at exportPageImpl (/Users/julianclarkson/Documents/Dragonflyone/node_modules/.pnpm/next@14.2.34_@babel+core@7.28.5_@opentelemetry+api@1.9.0_@playwright+test@1.56.1_react-dom@18_7hgdyk63qyoywe26j4c7wzx2ra/node_modules/next/dist/export/worker.js:191:76)
gvteway:build:     at async Span.traceAsyncFn (/Users/julianclarkson/Documents/Dragonflyone/node_modules/.pnpm/next@14.2.34_@babel+core@7.28.5_@opentelemetry+api@1.9.0_@playwright+test@1.56.1_react-dom@18_7hgdyk63qyoywe26j4c7wzx2ra/node_modules/next/dist/trace/trace.js:154:20)
gvteway:build:     at async Object.exportPage (/Users/julianclarkson/Documents/Dragonflyone/node_modules/.pnpm/next@14.2.34_@babel+core@7.28.5_@opentelemetry+api@1.9.0_@playwright+test@1.56.1_react-dom@18_7hgdyk63qyoywe26j4c7wzx2ra/node_modules/next/dist/export/worker.js:237:20)
gvteway:build: 
gvteway:build: Error occurred prerendering page "/packages". Read more: https://nextjs.org/docs/messages/prerender-error
gvteway:build: 
gvteway:build: Error: ENOENT: no such file or directory, open '/Users/julianclarkson/Documents/Dragonflyone/apps/gvteway/.next/server/font-manifest.json'
gvteway:build:     at readFileSync (node:fs:442:20)
gvteway:build:     at loadManifest (/Users/julianclarkson/Documents/Dragonflyone/node_modules/.pnpm/next@14.2.34_@babel+core@7.28.5_@opentelemetry+api@1.9.0_@playwright+test@1.56.1_react-dom@18_7hgdyk63qyoywe26j4c7wzx2ra/node_modules/next/dist/server/load-manifest.js:36:52)
gvteway:build:     at requireFontManifest (/Users/julianclarkson/Documents/Dragonflyone/node_modules/.pnpm/next@14.2.34_@babel+core@7.28.5_@opentelemetry+api@1.9.0_@playwright+test@1.56.1_react-dom@18_7hgdyk63qyoywe26j4c7wzx2ra/node_modules/next/dist/server/require.js:117:57)
gvteway:build:     at exportPageImpl (/Users/julianclarkson/Documents/Dragonflyone/node_modules/.pnpm/next@14.2.34_@babel+core@7.28.5_@opentelemetry+api@1.9.0_@playwright+test@1.56.1_react-dom@18_7hgdyk63qyoywe26j4c7wzx2ra/node_modules/next/dist/export/worker.js:191:76)
gvteway:build:     at async Span.traceAsyncFn (/Users/julianclarkson/Documents/Dragonflyone/node_modules/.pnpm/next@14.2.34_@babel+core@7.28.5_@opentelemetry+api@1.9.0_@playwright+test@1.56.1_react-dom@18_7hgdyk63qyoywe26j4c7wzx2ra/node_modules/next/dist/trace/trace.js:154:20)
gvteway:build:     at async Object.exportPage (/Users/julianclarkson/Documents/Dragonflyone/node_modules/.pnpm/next@14.2.34_@babel+core@7.28.5_@opentelemetry+api@1.9.0_@playwright+test@1.56.1_react-dom@18_7hgdyk63qyoywe26j4c7wzx2ra/node_modules/next/dist/export/worker.js:237:20)
gvteway:build: 
gvteway:build: Error occurred prerendering page "/price-alerts". Read more: https://nextjs.org/docs/messages/prerender-error
gvteway:build: 
gvteway:build: Error: ENOENT: no such file or directory, open '/Users/julianclarkson/Documents/Dragonflyone/apps/gvteway/.next/server/font-manifest.json'
gvteway:build:     at readFileSync (node:fs:442:20)
gvteway:build:     at loadManifest (/Users/julianclarkson/Documents/Dragonflyone/node_modules/.pnpm/next@14.2.34_@babel+core@7.28.5_@opentelemetry+api@1.9.0_@playwright+test@1.56.1_react-dom@18_7hgdyk63qyoywe26j4c7wzx2ra/node_modules/next/dist/server/load-manifest.js:36:52)
gvteway:build:     at requireFontManifest (/Users/julianclarkson/Documents/Dragonflyone/node_modules/.pnpm/next@14.2.34_@babel+core@7.28.5_@opentelemetry+api@1.9.0_@playwright+test@1.56.1_react-dom@18_7hgdyk63qyoywe26j4c7wzx2ra/node_modules/next/dist/server/require.js:117:57)
gvteway:build:     at exportPageImpl (/Users/julianclarkson/Documents/Dragonflyone/node_modules/.pnpm/next@14.2.34_@babel+core@7.28.5_@opentelemetry+api@1.9.0_@playwright+test@1.56.1_react-dom@18_7hgdyk63qyoywe26j4c7wzx2ra/node_modules/next/dist/export/worker.js:191:76)
gvteway:build:     at async Span.traceAsyncFn (/Users/julianclarkson/Documents/Dragonflyone/node_modules/.pnpm/next@14.2.34_@babel+core@7.28.5_@opentelemetry+api@1.9.0_@playwright+test@1.56.1_react-dom@18_7hgdyk63qyoywe26j4c7wzx2ra/node_modules/next/dist/trace/trace.js:154:20)
gvteway:build:     at async Object.exportPage (/Users/julianclarkson/Documents/Dragonflyone/node_modules/.pnpm/next@14.2.34_@babel+core@7.28.5_@opentelemetry+api@1.9.0_@playwright+test@1.56.1_react-dom@18_7hgdyk63qyoywe26j4c7wzx2ra/node_modules/next/dist/export/worker.js:237:20)
gvteway:build: 
gvteway:build: Error occurred prerendering page "/profile/badges". Read more: https://nextjs.org/docs/messages/prerender-error
gvteway:build: 
gvteway:build: Error: ENOENT: no such file or directory, open '/Users/julianclarkson/Documents/Dragonflyone/apps/gvteway/.next/server/font-manifest.json'
gvteway:build:     at readFileSync (node:fs:442:20)
gvteway:build:     at loadManifest (/Users/julianclarkson/Documents/Dragonflyone/node_modules/.pnpm/next@14.2.34_@babel+core@7.28.5_@opentelemetry+api@1.9.0_@playwright+test@1.56.1_react-dom@18_7hgdyk63qyoywe26j4c7wzx2ra/node_modules/next/dist/server/load-manifest.js:36:52)
gvteway:build:     at requireFontManifest (/Users/julianclarkson/Documents/Dragonflyone/node_modules/.pnpm/next@14.2.34_@babel+core@7.28.5_@opentelemetry+api@1.9.0_@playwright+test@1.56.1_react-dom@18_7hgdyk63qyoywe26j4c7wzx2ra/node_modules/next/dist/server/require.js:117:57)
gvteway:build:     at exportPageImpl (/Users/julianclarkson/Documents/Dragonflyone/node_modules/.pnpm/next@14.2.34_@babel+core@7.28.5_@opentelemetry+api@1.9.0_@playwright+test@1.56.1_react-dom@18_7hgdyk63qyoywe26j4c7wzx2ra/node_modules/next/dist/export/worker.js:191:76)
gvteway:build:     at async Span.traceAsyncFn (/Users/julianclarkson/Documents/Dragonflyone/node_modules/.pnpm/next@14.2.34_@babel+core@7.28.5_@opentelemetry+api@1.9.0_@playwright+test@1.56.1_react-dom@18_7hgdyk63qyoywe26j4c7wzx2ra/node_modules/next/dist/trace/trace.js:154:20)
gvteway:build:     at async Object.exportPage (/Users/julianclarkson/Documents/Dragonflyone/node_modules/.pnpm/next@14.2.34_@babel+core@7.28.5_@opentelemetry+api@1.9.0_@playwright+test@1.56.1_react-dom@18_7hgdyk63qyoywe26j4c7wzx2ra/node_modules/next/dist/export/worker.js:237:20)
gvteway:build: 
gvteway:build: Error occurred prerendering page "/profile". Read more: https://nextjs.org/docs/messages/prerender-error
gvteway:build: 
gvteway:build: Error: ENOENT: no such file or directory, open '/Users/julianclarkson/Documents/Dragonflyone/apps/gvteway/.next/server/font-manifest.json'
gvteway:build:     at readFileSync (node:fs:442:20)
gvteway:build:     at loadManifest (/Users/julianclarkson/Documents/Dragonflyone/node_modules/.pnpm/next@14.2.34_@babel+core@7.28.5_@opentelemetry+api@1.9.0_@playwright+test@1.56.1_react-dom@18_7hgdyk63qyoywe26j4c7wzx2ra/node_modules/next/dist/server/load-manifest.js:36:52)
gvteway:build:     at requireFontManifest (/Users/julianclarkson/Documents/Dragonflyone/node_modules/.pnpm/next@14.2.34_@babel+core@7.28.5_@opentelemetry+api@1.9.0_@playwright+test@1.56.1_react-dom@18_7hgdyk63qyoywe26j4c7wzx2ra/node_modules/next/dist/server/require.js:117:57)
gvteway:build:     at exportPageImpl (/Users/julianclarkson/Documents/Dragonflyone/node_modules/.pnpm/next@14.2.34_@babel+core@7.28.5_@opentelemetry+api@1.9.0_@playwright+test@1.56.1_react-dom@18_7hgdyk63qyoywe26j4c7wzx2ra/node_modules/next/dist/export/worker.js:191:76)
gvteway:build:     at async Span.traceAsyncFn (/Users/julianclarkson/Documents/Dragonflyone/node_modules/.pnpm/next@14.2.34_@babel+core@7.28.5_@opentelemetry+api@1.9.0_@playwright+test@1.56.1_react-dom@18_7hgdyk63qyoywe26j4c7wzx2ra/node_modules/next/dist/trace/trace.js:154:20)
gvteway:build:     at async Object.exportPage (/Users/julianclarkson/Documents/Dragonflyone/node_modules/.pnpm/next@14.2.34_@babel+core@7.28.5_@opentelemetry+api@1.9.0_@playwright+test@1.56.1_react-dom@18_7hgdyk63qyoywe26j4c7wzx2ra/node_modules/next/dist/export/worker.js:237:20)
gvteway:build: 
gvteway:build: Error occurred prerendering page "/profile/reputation". Read more: https://nextjs.org/docs/messages/prerender-error
gvteway:build: 
gvteway:build: Error: ENOENT: no such file or directory, open '/Users/julianclarkson/Documents/Dragonflyone/apps/gvteway/.next/server/font-manifest.json'
gvteway:build:     at readFileSync (node:fs:442:20)
gvteway:build:     at loadManifest (/Users/julianclarkson/Documents/Dragonflyone/node_modules/.pnpm/next@14.2.34_@babel+core@7.28.5_@opentelemetry+api@1.9.0_@playwright+test@1.56.1_react-dom@18_7hgdyk63qyoywe26j4c7wzx2ra/node_modules/next/dist/server/load-manifest.js:36:52)
gvteway:build:     at requireFontManifest (/Users/julianclarkson/Documents/Dragonflyone/node_modules/.pnpm/next@14.2.34_@babel+core@7.28.5_@opentelemetry+api@1.9.0_@playwright+test@1.56.1_react-dom@18_7hgdyk63qyoywe26j4c7wzx2ra/node_modules/next/dist/server/require.js:117:57)
gvteway:build:     at exportPageImpl (/Users/julianclarkson/Documents/Dragonflyone/node_modules/.pnpm/next@14.2.34_@babel+core@7.28.5_@opentelemetry+api@1.9.0_@playwright+test@1.56.1_react-dom@18_7hgdyk63qyoywe26j4c7wzx2ra/node_modules/next/dist/export/worker.js:191:76)
gvteway:build:     at async Span.traceAsyncFn (/Users/julianclarkson/Documents/Dragonflyone/node_modules/.pnpm/next@14.2.34_@babel+core@7.28.5_@opentelemetry+api@1.9.0_@playwright+test@1.56.1_react-dom@18_7hgdyk63qyoywe26j4c7wzx2ra/node_modules/next/dist/trace/trace.js:154:20)
gvteway:build:     at async Object.exportPage (/Users/julianclarkson/Documents/Dragonflyone/node_modules/.pnpm/next@14.2.34_@babel+core@7.28.5_@opentelemetry+api@1.9.0_@playwright+test@1.56.1_react-dom@18_7hgdyk63qyoywe26j4c7wzx2ra/node_modules/next/dist/export/worker.js:237:20)
gvteway:build: 
gvteway:build: Error occurred prerendering page "/qa-sessions". Read more: https://nextjs.org/docs/messages/prerender-error
gvteway:build: 
gvteway:build: Error: ENOENT: no such file or directory, open '/Users/julianclarkson/Documents/Dragonflyone/apps/gvteway/.next/server/font-manifest.json'
gvteway:build:     at readFileSync (node:fs:442:20)
gvteway:build:     at loadManifest (/Users/julianclarkson/Documents/Dragonflyone/node_modules/.pnpm/next@14.2.34_@babel+core@7.28.5_@opentelemetry+api@1.9.0_@playwright+test@1.56.1_react-dom@18_7hgdyk63qyoywe26j4c7wzx2ra/node_modules/next/dist/server/load-manifest.js:36:52)
gvteway:build:     at requireFontManifest (/Users/julianclarkson/Documents/Dragonflyone/node_modules/.pnpm/next@14.2.34_@babel+core@7.28.5_@opentelemetry+api@1.9.0_@playwright+test@1.56.1_react-dom@18_7hgdyk63qyoywe26j4c7wzx2ra/node_modules/next/dist/server/require.js:117:57)
gvteway:build:     at exportPageImpl (/Users/julianclarkson/Documents/Dragonflyone/node_modules/.pnpm/next@14.2.34_@babel+core@7.28.5_@opentelemetry+api@1.9.0_@playwright+test@1.56.1_react-dom@18_7hgdyk63qyoywe26j4c7wzx2ra/node_modules/next/dist/export/worker.js:191:76)
gvteway:build:     at async Span.traceAsyncFn (/Users/julianclarkson/Documents/Dragonflyone/node_modules/.pnpm/next@14.2.34_@babel+core@7.28.5_@opentelemetry+api@1.9.0_@playwright+test@1.56.1_react-dom@18_7hgdyk63qyoywe26j4c7wzx2ra/node_modules/next/dist/trace/trace.js:154:20)
gvteway:build:     at async Object.exportPage (/Users/julianclarkson/Documents/Dragonflyone/node_modules/.pnpm/next@14.2.34_@babel+core@7.28.5_@opentelemetry+api@1.9.0_@playwright+test@1.56.1_react-dom@18_7hgdyk63qyoywe26j4c7wzx2ra/node_modules/next/dist/export/worker.js:237:20)
gvteway:build:    Generating static pages (103/138) 
gvteway:build: 
gvteway:build: Error occurred prerendering page "/referrals". Read more: https://nextjs.org/docs/messages/prerender-error
gvteway:build: 
gvteway:build: Error: ENOENT: no such file or directory, open '/Users/julianclarkson/Documents/Dragonflyone/apps/gvteway/.next/server/font-manifest.json'
gvteway:build:     at readFileSync (node:fs:442:20)
gvteway:build:     at loadManifest (/Users/julianclarkson/Documents/Dragonflyone/node_modules/.pnpm/next@14.2.34_@babel+core@7.28.5_@opentelemetry+api@1.9.0_@playwright+test@1.56.1_react-dom@18_7hgdyk63qyoywe26j4c7wzx2ra/node_modules/next/dist/server/load-manifest.js:36:52)
gvteway:build:     at requireFontManifest (/Users/julianclarkson/Documents/Dragonflyone/node_modules/.pnpm/next@14.2.34_@babel+core@7.28.5_@opentelemetry+api@1.9.0_@playwright+test@1.56.1_react-dom@18_7hgdyk63qyoywe26j4c7wzx2ra/node_modules/next/dist/server/require.js:117:57)
gvteway:build:     at exportPageImpl (/Users/julianclarkson/Documents/Dragonflyone/node_modules/.pnpm/next@14.2.34_@babel+core@7.28.5_@opentelemetry+api@1.9.0_@playwright+test@1.56.1_react-dom@18_7hgdyk63qyoywe26j4c7wzx2ra/node_modules/next/dist/export/worker.js:191:76)
gvteway:build:     at async Span.traceAsyncFn (/Users/julianclarkson/Documents/Dragonflyone/node_modules/.pnpm/next@14.2.34_@babel+core@7.28.5_@opentelemetry+api@1.9.0_@playwright+test@1.56.1_react-dom@18_7hgdyk63qyoywe26j4c7wzx2ra/node_modules/next/dist/trace/trace.js:154:20)
gvteway:build:     at async Object.exportPage (/Users/julianclarkson/Documents/Dragonflyone/node_modules/.pnpm/next@14.2.34_@babel+core@7.28.5_@opentelemetry+api@1.9.0_@playwright+test@1.56.1_react-dom@18_7hgdyk63qyoywe26j4c7wzx2ra/node_modules/next/dist/export/worker.js:237:20)
gvteway:build: 
gvteway:build: Error occurred prerendering page "/resale". Read more: https://nextjs.org/docs/messages/prerender-error
gvteway:build: 
gvteway:build: Error: ENOENT: no such file or directory, open '/Users/julianclarkson/Documents/Dragonflyone/apps/gvteway/.next/server/font-manifest.json'
gvteway:build:     at readFileSync (node:fs:442:20)
gvteway:build:     at loadManifest (/Users/julianclarkson/Documents/Dragonflyone/node_modules/.pnpm/next@14.2.34_@babel+core@7.28.5_@opentelemetry+api@1.9.0_@playwright+test@1.56.1_react-dom@18_7hgdyk63qyoywe26j4c7wzx2ra/node_modules/next/dist/server/load-manifest.js:36:52)
gvteway:build:     at requireFontManifest (/Users/julianclarkson/Documents/Dragonflyone/node_modules/.pnpm/next@14.2.34_@babel+core@7.28.5_@opentelemetry+api@1.9.0_@playwright+test@1.56.1_react-dom@18_7hgdyk63qyoywe26j4c7wzx2ra/node_modules/next/dist/server/require.js:117:57)
gvteway:build:     at exportPageImpl (/Users/julianclarkson/Documents/Dragonflyone/node_modules/.pnpm/next@14.2.34_@babel+core@7.28.5_@opentelemetry+api@1.9.0_@playwright+test@1.56.1_react-dom@18_7hgdyk63qyoywe26j4c7wzx2ra/node_modules/next/dist/export/worker.js:191:76)
gvteway:build:     at async Span.traceAsyncFn (/Users/julianclarkson/Documents/Dragonflyone/node_modules/.pnpm/next@14.2.34_@babel+core@7.28.5_@opentelemetry+api@1.9.0_@playwright+test@1.56.1_react-dom@18_7hgdyk63qyoywe26j4c7wzx2ra/node_modules/next/dist/trace/trace.js:154:20)
gvteway:build:     at async Object.exportPage (/Users/julianclarkson/Documents/Dragonflyone/node_modules/.pnpm/next@14.2.34_@babel+core@7.28.5_@opentelemetry+api@1.9.0_@playwright+test@1.56.1_react-dom@18_7hgdyk63qyoywe26j4c7wzx2ra/node_modules/next/dist/export/worker.js:237:20)
gvteway:build: 
gvteway:build: Error occurred prerendering page "/reviews/new". Read more: https://nextjs.org/docs/messages/prerender-error
gvteway:build: 
gvteway:build: Error: ENOENT: no such file or directory, open '/Users/julianclarkson/Documents/Dragonflyone/apps/gvteway/.next/server/font-manifest.json'
gvteway:build:     at readFileSync (node:fs:442:20)
gvteway:build:     at loadManifest (/Users/julianclarkson/Documents/Dragonflyone/node_modules/.pnpm/next@14.2.34_@babel+core@7.28.5_@opentelemetry+api@1.9.0_@playwright+test@1.56.1_react-dom@18_7hgdyk63qyoywe26j4c7wzx2ra/node_modules/next/dist/server/load-manifest.js:36:52)
gvteway:build:     at requireFontManifest (/Users/julianclarkson/Documents/Dragonflyone/node_modules/.pnpm/next@14.2.34_@babel+core@7.28.5_@opentelemetry+api@1.9.0_@playwright+test@1.56.1_react-dom@18_7hgdyk63qyoywe26j4c7wzx2ra/node_modules/next/dist/server/require.js:117:57)
gvteway:build:     at exportPageImpl (/Users/julianclarkson/Documents/Dragonflyone/node_modules/.pnpm/next@14.2.34_@babel+core@7.28.5_@opentelemetry+api@1.9.0_@playwright+test@1.56.1_react-dom@18_7hgdyk63qyoywe26j4c7wzx2ra/node_modules/next/dist/export/worker.js:191:76)
gvteway:build:     at async Span.traceAsyncFn (/Users/julianclarkson/Documents/Dragonflyone/node_modules/.pnpm/next@14.2.34_@babel+core@7.28.5_@opentelemetry+api@1.9.0_@playwright+test@1.56.1_react-dom@18_7hgdyk63qyoywe26j4c7wzx2ra/node_modules/next/dist/trace/trace.js:154:20)
gvteway:build:     at async Object.exportPage (/Users/julianclarkson/Documents/Dragonflyone/node_modules/.pnpm/next@14.2.34_@babel+core@7.28.5_@opentelemetry+api@1.9.0_@playwright+test@1.56.1_react-dom@18_7hgdyk63qyoywe26j4c7wzx2ra/node_modules/next/dist/export/worker.js:237:20)
gvteway:build: 
gvteway:build: Error occurred prerendering page "/reviews". Read more: https://nextjs.org/docs/messages/prerender-error
gvteway:build: 
gvteway:build: Error: ENOENT: no such file or directory, open '/Users/julianclarkson/Documents/Dragonflyone/apps/gvteway/.next/server/font-manifest.json'
gvteway:build:     at readFileSync (node:fs:442:20)
gvteway:build:     at loadManifest (/Users/julianclarkson/Documents/Dragonflyone/node_modules/.pnpm/next@14.2.34_@babel+core@7.28.5_@opentelemetry+api@1.9.0_@playwright+test@1.56.1_react-dom@18_7hgdyk63qyoywe26j4c7wzx2ra/node_modules/next/dist/server/load-manifest.js:36:52)
gvteway:build:     at requireFontManifest (/Users/julianclarkson/Documents/Dragonflyone/node_modules/.pnpm/next@14.2.34_@babel+core@7.28.5_@opentelemetry+api@1.9.0_@playwright+test@1.56.1_react-dom@18_7hgdyk63qyoywe26j4c7wzx2ra/node_modules/next/dist/server/require.js:117:57)
gvteway:build:     at exportPageImpl (/Users/julianclarkson/Documents/Dragonflyone/node_modules/.pnpm/next@14.2.34_@babel+core@7.28.5_@opentelemetry+api@1.9.0_@playwright+test@1.56.1_react-dom@18_7hgdyk63qyoywe26j4c7wzx2ra/node_modules/next/dist/export/worker.js:191:76)
gvteway:build:     at async Span.traceAsyncFn (/Users/julianclarkson/Documents/Dragonflyone/node_modules/.pnpm/next@14.2.34_@babel+core@7.28.5_@opentelemetry+api@1.9.0_@playwright+test@1.56.1_react-dom@18_7hgdyk63qyoywe26j4c7wzx2ra/node_modules/next/dist/trace/trace.js:154:20)
gvteway:build:     at async Object.exportPage (/Users/julianclarkson/Documents/Dragonflyone/node_modules/.pnpm/next@14.2.34_@babel+core@7.28.5_@opentelemetry+api@1.9.0_@playwright+test@1.56.1_react-dom@18_7hgdyk63qyoywe26j4c7wzx2ra/node_modules/next/dist/export/worker.js:237:20)
gvteway:build: 
gvteway:build: Error occurred prerendering page "/rewards". Read more: https://nextjs.org/docs/messages/prerender-error
gvteway:build: 
gvteway:build: Error: ENOENT: no such file or directory, open '/Users/julianclarkson/Documents/Dragonflyone/apps/gvteway/.next/server/font-manifest.json'
gvteway:build:     at readFileSync (node:fs:442:20)
gvteway:build:     at loadManifest (/Users/julianclarkson/Documents/Dragonflyone/node_modules/.pnpm/next@14.2.34_@babel+core@7.28.5_@opentelemetry+api@1.9.0_@playwright+test@1.56.1_react-dom@18_7hgdyk63qyoywe26j4c7wzx2ra/node_modules/next/dist/server/load-manifest.js:36:52)
gvteway:build:     at requireFontManifest (/Users/julianclarkson/Documents/Dragonflyone/node_modules/.pnpm/next@14.2.34_@babel+core@7.28.5_@opentelemetry+api@1.9.0_@playwright+test@1.56.1_react-dom@18_7hgdyk63qyoywe26j4c7wzx2ra/node_modules/next/dist/server/require.js:117:57)
gvteway:build:     at exportPageImpl (/Users/julianclarkson/Documents/Dragonflyone/node_modules/.pnpm/next@14.2.34_@babel+core@7.28.5_@opentelemetry+api@1.9.0_@playwright+test@1.56.1_react-dom@18_7hgdyk63qyoywe26j4c7wzx2ra/node_modules/next/dist/export/worker.js:191:76)
gvteway:build:     at async Span.traceAsyncFn (/Users/julianclarkson/Documents/Dragonflyone/node_modules/.pnpm/next@14.2.34_@babel+core@7.28.5_@opentelemetry+api@1.9.0_@playwright+test@1.56.1_react-dom@18_7hgdyk63qyoywe26j4c7wzx2ra/node_modules/next/dist/trace/trace.js:154:20)
gvteway:build:     at async Object.exportPage (/Users/julianclarkson/Documents/Dragonflyone/node_modules/.pnpm/next@14.2.34_@babel+core@7.28.5_@opentelemetry+api@1.9.0_@playwright+test@1.56.1_react-dom@18_7hgdyk63qyoywe26j4c7wzx2ra/node_modules/next/dist/export/worker.js:237:20)
gvteway:build: 
gvteway:build: Error occurred prerendering page "/saved-searches". Read more: https://nextjs.org/docs/messages/prerender-error
gvteway:build: 
gvteway:build: Error: ENOENT: no such file or directory, open '/Users/julianclarkson/Documents/Dragonflyone/apps/gvteway/.next/server/font-manifest.json'
gvteway:build:     at readFileSync (node:fs:442:20)
gvteway:build:     at loadManifest (/Users/julianclarkson/Documents/Dragonflyone/node_modules/.pnpm/next@14.2.34_@babel+core@7.28.5_@opentelemetry+api@1.9.0_@playwright+test@1.56.1_react-dom@18_7hgdyk63qyoywe26j4c7wzx2ra/node_modules/next/dist/server/load-manifest.js:36:52)
gvteway:build:     at requireFontManifest (/Users/julianclarkson/Documents/Dragonflyone/node_modules/.pnpm/next@14.2.34_@babel+core@7.28.5_@opentelemetry+api@1.9.0_@playwright+test@1.56.1_react-dom@18_7hgdyk63qyoywe26j4c7wzx2ra/node_modules/next/dist/server/require.js:117:57)
gvteway:build:     at exportPageImpl (/Users/julianclarkson/Documents/Dragonflyone/node_modules/.pnpm/next@14.2.34_@babel+core@7.28.5_@opentelemetry+api@1.9.0_@playwright+test@1.56.1_react-dom@18_7hgdyk63qyoywe26j4c7wzx2ra/node_modules/next/dist/export/worker.js:191:76)
gvteway:build:     at async Span.traceAsyncFn (/Users/julianclarkson/Documents/Dragonflyone/node_modules/.pnpm/next@14.2.34_@babel+core@7.28.5_@opentelemetry+api@1.9.0_@playwright+test@1.56.1_react-dom@18_7hgdyk63qyoywe26j4c7wzx2ra/node_modules/next/dist/trace/trace.js:154:20)
gvteway:build:     at async Object.exportPage (/Users/julianclarkson/Documents/Dragonflyone/node_modules/.pnpm/next@14.2.34_@babel+core@7.28.5_@opentelemetry+api@1.9.0_@playwright+test@1.56.1_react-dom@18_7hgdyk63qyoywe26j4c7wzx2ra/node_modules/next/dist/export/worker.js:237:20)
gvteway:build: 
gvteway:build: Error occurred prerendering page "/search". Read more: https://nextjs.org/docs/messages/prerender-error
gvteway:build: 
gvteway:build: Error: ENOENT: no such file or directory, open '/Users/julianclarkson/Documents/Dragonflyone/apps/gvteway/.next/server/font-manifest.json'
gvteway:build:     at readFileSync (node:fs:442:20)
gvteway:build:     at loadManifest (/Users/julianclarkson/Documents/Dragonflyone/node_modules/.pnpm/next@14.2.34_@babel+core@7.28.5_@opentelemetry+api@1.9.0_@playwright+test@1.56.1_react-dom@18_7hgdyk63qyoywe26j4c7wzx2ra/node_modules/next/dist/server/load-manifest.js:36:52)
gvteway:build:     at requireFontManifest (/Users/julianclarkson/Documents/Dragonflyone/node_modules/.pnpm/next@14.2.34_@babel+core@7.28.5_@opentelemetry+api@1.9.0_@playwright+test@1.56.1_react-dom@18_7hgdyk63qyoywe26j4c7wzx2ra/node_modules/next/dist/server/require.js:117:57)
gvteway:build:     at exportPageImpl (/Users/julianclarkson/Documents/Dragonflyone/node_modules/.pnpm/next@14.2.34_@babel+core@7.28.5_@opentelemetry+api@1.9.0_@playwright+test@1.56.1_react-dom@18_7hgdyk63qyoywe26j4c7wzx2ra/node_modules/next/dist/export/worker.js:191:76)
gvteway:build:     at async Span.traceAsyncFn (/Users/julianclarkson/Documents/Dragonflyone/node_modules/.pnpm/next@14.2.34_@babel+core@7.28.5_@opentelemetry+api@1.9.0_@playwright+test@1.56.1_react-dom@18_7hgdyk63qyoywe26j4c7wzx2ra/node_modules/next/dist/trace/trace.js:154:20)
gvteway:build:     at async Object.exportPage (/Users/julianclarkson/Documents/Dragonflyone/node_modules/.pnpm/next@14.2.34_@babel+core@7.28.5_@opentelemetry+api@1.9.0_@playwright+test@1.56.1_react-dom@18_7hgdyk63qyoywe26j4c7wzx2ra/node_modules/next/dist/export/worker.js:237:20)
gvteway:build: 
gvteway:build: Error occurred prerendering page "/search/universal". Read more: https://nextjs.org/docs/messages/prerender-error
gvteway:build: 
gvteway:build: Error: ENOENT: no such file or directory, open '/Users/julianclarkson/Documents/Dragonflyone/apps/gvteway/.next/server/font-manifest.json'
gvteway:build:     at readFileSync (node:fs:442:20)
gvteway:build:     at loadManifest (/Users/julianclarkson/Documents/Dragonflyone/node_modules/.pnpm/next@14.2.34_@babel+core@7.28.5_@opentelemetry+api@1.9.0_@playwright+test@1.56.1_react-dom@18_7hgdyk63qyoywe26j4c7wzx2ra/node_modules/next/dist/server/load-manifest.js:36:52)
gvteway:build:     at requireFontManifest (/Users/julianclarkson/Documents/Dragonflyone/node_modules/.pnpm/next@14.2.34_@babel+core@7.28.5_@opentelemetry+api@1.9.0_@playwright+test@1.56.1_react-dom@18_7hgdyk63qyoywe26j4c7wzx2ra/node_modules/next/dist/server/require.js:117:57)
gvteway:build:     at exportPageImpl (/Users/julianclarkson/Documents/Dragonflyone/node_modules/.pnpm/next@14.2.34_@babel+core@7.28.5_@opentelemetry+api@1.9.0_@playwright+test@1.56.1_react-dom@18_7hgdyk63qyoywe26j4c7wzx2ra/node_modules/next/dist/export/worker.js:191:76)
gvteway:build:     at async Span.traceAsyncFn (/Users/julianclarkson/Documents/Dragonflyone/node_modules/.pnpm/next@14.2.34_@babel+core@7.28.5_@opentelemetry+api@1.9.0_@playwright+test@1.56.1_react-dom@18_7hgdyk63qyoywe26j4c7wzx2ra/node_modules/next/dist/trace/trace.js:154:20)
gvteway:build:     at async Object.exportPage (/Users/julianclarkson/Documents/Dragonflyone/node_modules/.pnpm/next@14.2.34_@babel+core@7.28.5_@opentelemetry+api@1.9.0_@playwright+test@1.56.1_react-dom@18_7hgdyk63qyoywe26j4c7wzx2ra/node_modules/next/dist/export/worker.js:237:20)
gvteway:build: 
gvteway:build: Error occurred prerendering page "/settings/language". Read more: https://nextjs.org/docs/messages/prerender-error
gvteway:build: 
gvteway:build: Error: ENOENT: no such file or directory, open '/Users/julianclarkson/Documents/Dragonflyone/apps/gvteway/.next/server/font-manifest.json'
gvteway:build:     at readFileSync (node:fs:442:20)
gvteway:build:     at loadManifest (/Users/julianclarkson/Documents/Dragonflyone/node_modules/.pnpm/next@14.2.34_@babel+core@7.28.5_@opentelemetry+api@1.9.0_@playwright+test@1.56.1_react-dom@18_7hgdyk63qyoywe26j4c7wzx2ra/node_modules/next/dist/server/load-manifest.js:36:52)
gvteway:build:     at requireFontManifest (/Users/julianclarkson/Documents/Dragonflyone/node_modules/.pnpm/next@14.2.34_@babel+core@7.28.5_@opentelemetry+api@1.9.0_@playwright+test@1.56.1_react-dom@18_7hgdyk63qyoywe26j4c7wzx2ra/node_modules/next/dist/server/require.js:117:57)
gvteway:build:     at exportPageImpl (/Users/julianclarkson/Documents/Dragonflyone/node_modules/.pnpm/next@14.2.34_@babel+core@7.28.5_@opentelemetry+api@1.9.0_@playwright+test@1.56.1_react-dom@18_7hgdyk63qyoywe26j4c7wzx2ra/node_modules/next/dist/export/worker.js:191:76)
gvteway:build:     at async Span.traceAsyncFn (/Users/julianclarkson/Documents/Dragonflyone/node_modules/.pnpm/next@14.2.34_@babel+core@7.28.5_@opentelemetry+api@1.9.0_@playwright+test@1.56.1_react-dom@18_7hgdyk63qyoywe26j4c7wzx2ra/node_modules/next/dist/trace/trace.js:154:20)
gvteway:build:     at async Object.exportPage (/Users/julianclarkson/Documents/Dragonflyone/node_modules/.pnpm/next@14.2.34_@babel+core@7.28.5_@opentelemetry+api@1.9.0_@playwright+test@1.56.1_react-dom@18_7hgdyk63qyoywe26j4c7wzx2ra/node_modules/next/dist/export/worker.js:237:20)
gvteway:build: 
gvteway:build: Error occurred prerendering page "/settings/notifications". Read more: https://nextjs.org/docs/messages/prerender-error
gvteway:build: 
gvteway:build: Error: ENOENT: no such file or directory, open '/Users/julianclarkson/Documents/Dragonflyone/apps/gvteway/.next/server/font-manifest.json'
gvteway:build:     at readFileSync (node:fs:442:20)
gvteway:build:     at loadManifest (/Users/julianclarkson/Documents/Dragonflyone/node_modules/.pnpm/next@14.2.34_@babel+core@7.28.5_@opentelemetry+api@1.9.0_@playwright+test@1.56.1_react-dom@18_7hgdyk63qyoywe26j4c7wzx2ra/node_modules/next/dist/server/load-manifest.js:36:52)
gvteway:build:     at requireFontManifest (/Users/julianclarkson/Documents/Dragonflyone/node_modules/.pnpm/next@14.2.34_@babel+core@7.28.5_@opentelemetry+api@1.9.0_@playwright+test@1.56.1_react-dom@18_7hgdyk63qyoywe26j4c7wzx2ra/node_modules/next/dist/server/require.js:117:57)
gvteway:build:     at exportPageImpl (/Users/julianclarkson/Documents/Dragonflyone/node_modules/.pnpm/next@14.2.34_@babel+core@7.28.5_@opentelemetry+api@1.9.0_@playwright+test@1.56.1_react-dom@18_7hgdyk63qyoywe26j4c7wzx2ra/node_modules/next/dist/export/worker.js:191:76)
gvteway:build:     at async Span.traceAsyncFn (/Users/julianclarkson/Documents/Dragonflyone/node_modules/.pnpm/next@14.2.34_@babel+core@7.28.5_@opentelemetry+api@1.9.0_@playwright+test@1.56.1_react-dom@18_7hgdyk63qyoywe26j4c7wzx2ra/node_modules/next/dist/trace/trace.js:154:20)
gvteway:build:     at async Object.exportPage (/Users/julianclarkson/Documents/Dragonflyone/node_modules/.pnpm/next@14.2.34_@babel+core@7.28.5_@opentelemetry+api@1.9.0_@playwright+test@1.56.1_react-dom@18_7hgdyk63qyoywe26j4c7wzx2ra/node_modules/next/dist/export/worker.js:237:20)
gvteway:build: 
gvteway:build: Error occurred prerendering page "/settings". Read more: https://nextjs.org/docs/messages/prerender-error
gvteway:build: 
gvteway:build: Error: ENOENT: no such file or directory, open '/Users/julianclarkson/Documents/Dragonflyone/apps/gvteway/.next/server/font-manifest.json'
gvteway:build:     at readFileSync (node:fs:442:20)
gvteway:build:     at loadManifest (/Users/julianclarkson/Documents/Dragonflyone/node_modules/.pnpm/next@14.2.34_@babel+core@7.28.5_@opentelemetry+api@1.9.0_@playwright+test@1.56.1_react-dom@18_7hgdyk63qyoywe26j4c7wzx2ra/node_modules/next/dist/server/load-manifest.js:36:52)
gvteway:build:     at requireFontManifest (/Users/julianclarkson/Documents/Dragonflyone/node_modules/.pnpm/next@14.2.34_@babel+core@7.28.5_@opentelemetry+api@1.9.0_@playwright+test@1.56.1_react-dom@18_7hgdyk63qyoywe26j4c7wzx2ra/node_modules/next/dist/server/require.js:117:57)
gvteway:build:     at exportPageImpl (/Users/julianclarkson/Documents/Dragonflyone/node_modules/.pnpm/next@14.2.34_@babel+core@7.28.5_@opentelemetry+api@1.9.0_@playwright+test@1.56.1_react-dom@18_7hgdyk63qyoywe26j4c7wzx2ra/node_modules/next/dist/export/worker.js:191:76)
gvteway:build:     at async Span.traceAsyncFn (/Users/julianclarkson/Documents/Dragonflyone/node_modules/.pnpm/next@14.2.34_@babel+core@7.28.5_@opentelemetry+api@1.9.0_@playwright+test@1.56.1_react-dom@18_7hgdyk63qyoywe26j4c7wzx2ra/node_modules/next/dist/trace/trace.js:154:20)
gvteway:build:     at async Object.exportPage (/Users/julianclarkson/Documents/Dragonflyone/node_modules/.pnpm/next@14.2.34_@babel+core@7.28.5_@opentelemetry+api@1.9.0_@playwright+test@1.56.1_react-dom@18_7hgdyk63qyoywe26j4c7wzx2ra/node_modules/next/dist/export/worker.js:237:20)
gvteway:build: 
gvteway:build: Error occurred prerendering page "/settings/privacy". Read more: https://nextjs.org/docs/messages/prerender-error
gvteway:build: 
gvteway:build: Error: ENOENT: no such file or directory, open '/Users/julianclarkson/Documents/Dragonflyone/apps/gvteway/.next/server/font-manifest.json'
gvteway:build:     at readFileSync (node:fs:442:20)
gvteway:build:     at loadManifest (/Users/julianclarkson/Documents/Dragonflyone/node_modules/.pnpm/next@14.2.34_@babel+core@7.28.5_@opentelemetry+api@1.9.0_@playwright+test@1.56.1_react-dom@18_7hgdyk63qyoywe26j4c7wzx2ra/node_modules/next/dist/server/load-manifest.js:36:52)
gvteway:build:     at requireFontManifest (/Users/julianclarkson/Documents/Dragonflyone/node_modules/.pnpm/next@14.2.34_@babel+core@7.28.5_@opentelemetry+api@1.9.0_@playwright+test@1.56.1_react-dom@18_7hgdyk63qyoywe26j4c7wzx2ra/node_modules/next/dist/server/require.js:117:57)
gvteway:build:     at exportPageImpl (/Users/julianclarkson/Documents/Dragonflyone/node_modules/.pnpm/next@14.2.34_@babel+core@7.28.5_@opentelemetry+api@1.9.0_@playwright+test@1.56.1_react-dom@18_7hgdyk63qyoywe26j4c7wzx2ra/node_modules/next/dist/export/worker.js:191:76)
gvteway:build:     at async Span.traceAsyncFn (/Users/julianclarkson/Documents/Dragonflyone/node_modules/.pnpm/next@14.2.34_@babel+core@7.28.5_@opentelemetry+api@1.9.0_@playwright+test@1.56.1_react-dom@18_7hgdyk63qyoywe26j4c7wzx2ra/node_modules/next/dist/trace/trace.js:154:20)
gvteway:build:     at async Object.exportPage (/Users/julianclarkson/Documents/Dragonflyone/node_modules/.pnpm/next@14.2.34_@babel+core@7.28.5_@opentelemetry+api@1.9.0_@playwright+test@1.56.1_react-dom@18_7hgdyk63qyoywe26j4c7wzx2ra/node_modules/next/dist/export/worker.js:237:20)
gvteway:build: 
gvteway:build: Error occurred prerendering page "/shop/shoppable". Read more: https://nextjs.org/docs/messages/prerender-error
gvteway:build: 
gvteway:build: Error: ENOENT: no such file or directory, open '/Users/julianclarkson/Documents/Dragonflyone/apps/gvteway/.next/server/font-manifest.json'
gvteway:build:     at readFileSync (node:fs:442:20)
gvteway:build:     at loadManifest (/Users/julianclarkson/Documents/Dragonflyone/node_modules/.pnpm/next@14.2.34_@babel+core@7.28.5_@opentelemetry+api@1.9.0_@playwright+test@1.56.1_react-dom@18_7hgdyk63qyoywe26j4c7wzx2ra/node_modules/next/dist/server/load-manifest.js:36:52)
gvteway:build:     at requireFontManifest (/Users/julianclarkson/Documents/Dragonflyone/node_modules/.pnpm/next@14.2.34_@babel+core@7.28.5_@opentelemetry+api@1.9.0_@playwright+test@1.56.1_react-dom@18_7hgdyk63qyoywe26j4c7wzx2ra/node_modules/next/dist/server/require.js:117:57)
gvteway:build:     at exportPageImpl (/Users/julianclarkson/Documents/Dragonflyone/node_modules/.pnpm/next@14.2.34_@babel+core@7.28.5_@opentelemetry+api@1.9.0_@playwright+test@1.56.1_react-dom@18_7hgdyk63qyoywe26j4c7wzx2ra/node_modules/next/dist/export/worker.js:191:76)
gvteway:build:     at async Span.traceAsyncFn (/Users/julianclarkson/Documents/Dragonflyone/node_modules/.pnpm/next@14.2.34_@babel+core@7.28.5_@opentelemetry+api@1.9.0_@playwright+test@1.56.1_react-dom@18_7hgdyk63qyoywe26j4c7wzx2ra/node_modules/next/dist/trace/trace.js:154:20)
gvteway:build:     at async Object.exportPage (/Users/julianclarkson/Documents/Dragonflyone/node_modules/.pnpm/next@14.2.34_@babel+core@7.28.5_@opentelemetry+api@1.9.0_@playwright+test@1.56.1_react-dom@18_7hgdyk63qyoywe26j4c7wzx2ra/node_modules/next/dist/export/worker.js:237:20)
gvteway:build: 
gvteway:build: Error occurred prerendering page "/social/inbox". Read more: https://nextjs.org/docs/messages/prerender-error
gvteway:build: 
gvteway:build: Error: ENOENT: no such file or directory, open '/Users/julianclarkson/Documents/Dragonflyone/apps/gvteway/.next/server/font-manifest.json'
gvteway:build:     at readFileSync (node:fs:442:20)
gvteway:build:     at loadManifest (/Users/julianclarkson/Documents/Dragonflyone/node_modules/.pnpm/next@14.2.34_@babel+core@7.28.5_@opentelemetry+api@1.9.0_@playwright+test@1.56.1_react-dom@18_7hgdyk63qyoywe26j4c7wzx2ra/node_modules/next/dist/server/load-manifest.js:36:52)
gvteway:build:     at requireFontManifest (/Users/julianclarkson/Documents/Dragonflyone/node_modules/.pnpm/next@14.2.34_@babel+core@7.28.5_@opentelemetry+api@1.9.0_@playwright+test@1.56.1_react-dom@18_7hgdyk63qyoywe26j4c7wzx2ra/node_modules/next/dist/server/require.js:117:57)
gvteway:build:     at exportPageImpl (/Users/julianclarkson/Documents/Dragonflyone/node_modules/.pnpm/next@14.2.34_@babel+core@7.28.5_@opentelemetry+api@1.9.0_@playwright+test@1.56.1_react-dom@18_7hgdyk63qyoywe26j4c7wzx2ra/node_modules/next/dist/export/worker.js:191:76)
gvteway:build:     at async Span.traceAsyncFn (/Users/julianclarkson/Documents/Dragonflyone/node_modules/.pnpm/next@14.2.34_@babel+core@7.28.5_@opentelemetry+api@1.9.0_@playwright+test@1.56.1_react-dom@18_7hgdyk63qyoywe26j4c7wzx2ra/node_modules/next/dist/trace/trace.js:154:20)
gvteway:build:     at async Object.exportPage (/Users/julianclarkson/Documents/Dragonflyone/node_modules/.pnpm/next@14.2.34_@babel+core@7.28.5_@opentelemetry+api@1.9.0_@playwright+test@1.56.1_react-dom@18_7hgdyk63qyoywe26j4c7wzx2ra/node_modules/next/dist/export/worker.js:237:20)
gvteway:build: 
gvteway:build: Error occurred prerendering page "/social/crisis-management". Read more: https://nextjs.org/docs/messages/prerender-error
gvteway:build: 
gvteway:build: Error: ENOENT: no such file or directory, open '/Users/julianclarkson/Documents/Dragonflyone/apps/gvteway/.next/server/font-manifest.json'
gvteway:build:     at readFileSync (node:fs:442:20)
gvteway:build:     at loadManifest (/Users/julianclarkson/Documents/Dragonflyone/node_modules/.pnpm/next@14.2.34_@babel+core@7.28.5_@opentelemetry+api@1.9.0_@playwright+test@1.56.1_react-dom@18_7hgdyk63qyoywe26j4c7wzx2ra/node_modules/next/dist/server/load-manifest.js:36:52)
gvteway:build:     at requireFontManifest (/Users/julianclarkson/Documents/Dragonflyone/node_modules/.pnpm/next@14.2.34_@babel+core@7.28.5_@opentelemetry+api@1.9.0_@playwright+test@1.56.1_react-dom@18_7hgdyk63qyoywe26j4c7wzx2ra/node_modules/next/dist/server/require.js:117:57)
gvteway:build:     at exportPageImpl (/Users/julianclarkson/Documents/Dragonflyone/node_modules/.pnpm/next@14.2.34_@babel+core@7.28.5_@opentelemetry+api@1.9.0_@playwright+test@1.56.1_react-dom@18_7hgdyk63qyoywe26j4c7wzx2ra/node_modules/next/dist/export/worker.js:191:76)
gvteway:build:     at async Span.traceAsyncFn (/Users/julianclarkson/Documents/Dragonflyone/node_modules/.pnpm/next@14.2.34_@babel+core@7.28.5_@opentelemetry+api@1.9.0_@playwright+test@1.56.1_react-dom@18_7hgdyk63qyoywe26j4c7wzx2ra/node_modules/next/dist/trace/trace.js:154:20)
gvteway:build:     at async Object.exportPage (/Users/julianclarkson/Documents/Dragonflyone/node_modules/.pnpm/next@14.2.34_@babel+core@7.28.5_@opentelemetry+api@1.9.0_@playwright+test@1.56.1_react-dom@18_7hgdyk63qyoywe26j4c7wzx2ra/node_modules/next/dist/export/worker.js:237:20)
gvteway:build: 
gvteway:build: Error occurred prerendering page "/social". Read more: https://nextjs.org/docs/messages/prerender-error
gvteway:build: 
gvteway:build: Error: ENOENT: no such file or directory, open '/Users/julianclarkson/Documents/Dragonflyone/apps/gvteway/.next/server/font-manifest.json'
gvteway:build:     at readFileSync (node:fs:442:20)
gvteway:build:     at loadManifest (/Users/julianclarkson/Documents/Dragonflyone/node_modules/.pnpm/next@14.2.34_@babel+core@7.28.5_@opentelemetry+api@1.9.0_@playwright+test@1.56.1_react-dom@18_7hgdyk63qyoywe26j4c7wzx2ra/node_modules/next/dist/server/load-manifest.js:36:52)
gvteway:build:     at requireFontManifest (/Users/julianclarkson/Documents/Dragonflyone/node_modules/.pnpm/next@14.2.34_@babel+core@7.28.5_@opentelemetry+api@1.9.0_@playwright+test@1.56.1_react-dom@18_7hgdyk63qyoywe26j4c7wzx2ra/node_modules/next/dist/server/require.js:117:57)
gvteway:build:     at exportPageImpl (/Users/julianclarkson/Documents/Dragonflyone/node_modules/.pnpm/next@14.2.34_@babel+core@7.28.5_@opentelemetry+api@1.9.0_@playwright+test@1.56.1_react-dom@18_7hgdyk63qyoywe26j4c7wzx2ra/node_modules/next/dist/export/worker.js:191:76)
gvteway:build:     at async Span.traceAsyncFn (/Users/julianclarkson/Documents/Dragonflyone/node_modules/.pnpm/next@14.2.34_@babel+core@7.28.5_@opentelemetry+api@1.9.0_@playwright+test@1.56.1_react-dom@18_7hgdyk63qyoywe26j4c7wzx2ra/node_modules/next/dist/trace/trace.js:154:20)
gvteway:build:     at async Object.exportPage (/Users/julianclarkson/Documents/Dragonflyone/node_modules/.pnpm/next@14.2.34_@babel+core@7.28.5_@opentelemetry+api@1.9.0_@playwright+test@1.56.1_react-dom@18_7hgdyk63qyoywe26j4c7wzx2ra/node_modules/next/dist/export/worker.js:237:20)
gvteway:build: 
gvteway:build: Error occurred prerendering page "/social/sentiment". Read more: https://nextjs.org/docs/messages/prerender-error
gvteway:build: 
gvteway:build: Error: ENOENT: no such file or directory, open '/Users/julianclarkson/Documents/Dragonflyone/apps/gvteway/.next/server/font-manifest.json'
gvteway:build:     at readFileSync (node:fs:442:20)
gvteway:build:     at loadManifest (/Users/julianclarkson/Documents/Dragonflyone/node_modules/.pnpm/next@14.2.34_@babel+core@7.28.5_@opentelemetry+api@1.9.0_@playwright+test@1.56.1_react-dom@18_7hgdyk63qyoywe26j4c7wzx2ra/node_modules/next/dist/server/load-manifest.js:36:52)
gvteway:build:     at requireFontManifest (/Users/julianclarkson/Documents/Dragonflyone/node_modules/.pnpm/next@14.2.34_@babel+core@7.28.5_@opentelemetry+api@1.9.0_@playwright+test@1.56.1_react-dom@18_7hgdyk63qyoywe26j4c7wzx2ra/node_modules/next/dist/server/require.js:117:57)
gvteway:build:     at exportPageImpl (/Users/julianclarkson/Documents/Dragonflyone/node_modules/.pnpm/next@14.2.34_@babel+core@7.28.5_@opentelemetry+api@1.9.0_@playwright+test@1.56.1_react-dom@18_7hgdyk63qyoywe26j4c7wzx2ra/node_modules/next/dist/export/worker.js:191:76)
gvteway:build:     at async Span.traceAsyncFn (/Users/julianclarkson/Documents/Dragonflyone/node_modules/.pnpm/next@14.2.34_@babel+core@7.28.5_@opentelemetry+api@1.9.0_@playwright+test@1.56.1_react-dom@18_7hgdyk63qyoywe26j4c7wzx2ra/node_modules/next/dist/trace/trace.js:154:20)
gvteway:build:     at async Object.exportPage (/Users/julianclarkson/Documents/Dragonflyone/node_modules/.pnpm/next@14.2.34_@babel+core@7.28.5_@opentelemetry+api@1.9.0_@playwright+test@1.56.1_react-dom@18_7hgdyk63qyoywe26j4c7wzx2ra/node_modules/next/dist/export/worker.js:237:20)
gvteway:build: 
gvteway:build: Error occurred prerendering page "/social/story-templates". Read more: https://nextjs.org/docs/messages/prerender-error
gvteway:build: 
gvteway:build: Error: ENOENT: no such file or directory, open '/Users/julianclarkson/Documents/Dragonflyone/apps/gvteway/.next/server/font-manifest.json'
gvteway:build:     at readFileSync (node:fs:442:20)
gvteway:build:     at loadManifest (/Users/julianclarkson/Documents/Dragonflyone/node_modules/.pnpm/next@14.2.34_@babel+core@7.28.5_@opentelemetry+api@1.9.0_@playwright+test@1.56.1_react-dom@18_7hgdyk63qyoywe26j4c7wzx2ra/node_modules/next/dist/server/load-manifest.js:36:52)
gvteway:build:     at requireFontManifest (/Users/julianclarkson/Documents/Dragonflyone/node_modules/.pnpm/next@14.2.34_@babel+core@7.28.5_@opentelemetry+api@1.9.0_@playwright+test@1.56.1_react-dom@18_7hgdyk63qyoywe26j4c7wzx2ra/node_modules/next/dist/server/require.js:117:57)
gvteway:build:     at exportPageImpl (/Users/julianclarkson/Documents/Dragonflyone/node_modules/.pnpm/next@14.2.34_@babel+core@7.28.5_@opentelemetry+api@1.9.0_@playwright+test@1.56.1_react-dom@18_7hgdyk63qyoywe26j4c7wzx2ra/node_modules/next/dist/export/worker.js:191:76)
gvteway:build:     at async Span.traceAsyncFn (/Users/julianclarkson/Documents/Dragonflyone/node_modules/.pnpm/next@14.2.34_@babel+core@7.28.5_@opentelemetry+api@1.9.0_@playwright+test@1.56.1_react-dom@18_7hgdyk63qyoywe26j4c7wzx2ra/node_modules/next/dist/trace/trace.js:154:20)
gvteway:build:     at async Object.exportPage (/Users/julianclarkson/Documents/Dragonflyone/node_modules/.pnpm/next@14.2.34_@babel+core@7.28.5_@opentelemetry+api@1.9.0_@playwright+test@1.56.1_react-dom@18_7hgdyk63qyoywe26j4c7wzx2ra/node_modules/next/dist/export/worker.js:237:20)
gvteway:build: 
gvteway:build: Error occurred prerendering page "/social/tiktok-challenges". Read more: https://nextjs.org/docs/messages/prerender-error
gvteway:build: 
gvteway:build: Error: ENOENT: no such file or directory, open '/Users/julianclarkson/Documents/Dragonflyone/apps/gvteway/.next/server/font-manifest.json'
gvteway:build:     at readFileSync (node:fs:442:20)
gvteway:build:     at loadManifest (/Users/julianclarkson/Documents/Dragonflyone/node_modules/.pnpm/next@14.2.34_@babel+core@7.28.5_@opentelemetry+api@1.9.0_@playwright+test@1.56.1_react-dom@18_7hgdyk63qyoywe26j4c7wzx2ra/node_modules/next/dist/server/load-manifest.js:36:52)
gvteway:build:     at requireFontManifest (/Users/julianclarkson/Documents/Dragonflyone/node_modules/.pnpm/next@14.2.34_@babel+core@7.28.5_@opentelemetry+api@1.9.0_@playwright+test@1.56.1_react-dom@18_7hgdyk63qyoywe26j4c7wzx2ra/node_modules/next/dist/server/require.js:117:57)
gvteway:build:     at exportPageImpl (/Users/julianclarkson/Documents/Dragonflyone/node_modules/.pnpm/next@14.2.34_@babel+core@7.28.5_@opentelemetry+api@1.9.0_@playwright+test@1.56.1_react-dom@18_7hgdyk63qyoywe26j4c7wzx2ra/node_modules/next/dist/export/worker.js:191:76)
gvteway:build:     at async Span.traceAsyncFn (/Users/julianclarkson/Documents/Dragonflyone/node_modules/.pnpm/next@14.2.34_@babel+core@7.28.5_@opentelemetry+api@1.9.0_@playwright+test@1.56.1_react-dom@18_7hgdyk63qyoywe26j4c7wzx2ra/node_modules/next/dist/trace/trace.js:154:20)
gvteway:build:     at async Object.exportPage (/Users/julianclarkson/Documents/Dragonflyone/node_modules/.pnpm/next@14.2.34_@babel+core@7.28.5_@opentelemetry+api@1.9.0_@playwright+test@1.56.1_react-dom@18_7hgdyk63qyoywe26j4c7wzx2ra/node_modules/next/dist/export/worker.js:237:20)
gvteway:build: 
gvteway:build: Error occurred prerendering page "/support/chat". Read more: https://nextjs.org/docs/messages/prerender-error
gvteway:build: 
gvteway:build: Error: ENOENT: no such file or directory, open '/Users/julianclarkson/Documents/Dragonflyone/apps/gvteway/.next/server/font-manifest.json'
gvteway:build:     at readFileSync (node:fs:442:20)
gvteway:build:     at loadManifest (/Users/julianclarkson/Documents/Dragonflyone/node_modules/.pnpm/next@14.2.34_@babel+core@7.28.5_@opentelemetry+api@1.9.0_@playwright+test@1.56.1_react-dom@18_7hgdyk63qyoywe26j4c7wzx2ra/node_modules/next/dist/server/load-manifest.js:36:52)
gvteway:build:     at requireFontManifest (/Users/julianclarkson/Documents/Dragonflyone/node_modules/.pnpm/next@14.2.34_@babel+core@7.28.5_@opentelemetry+api@1.9.0_@playwright+test@1.56.1_react-dom@18_7hgdyk63qyoywe26j4c7wzx2ra/node_modules/next/dist/server/require.js:117:57)
gvteway:build:     at exportPageImpl (/Users/julianclarkson/Documents/Dragonflyone/node_modules/.pnpm/next@14.2.34_@babel+core@7.28.5_@opentelemetry+api@1.9.0_@playwright+test@1.56.1_react-dom@18_7hgdyk63qyoywe26j4c7wzx2ra/node_modules/next/dist/export/worker.js:191:76)
gvteway:build:     at async Span.traceAsyncFn (/Users/julianclarkson/Documents/Dragonflyone/node_modules/.pnpm/next@14.2.34_@babel+core@7.28.5_@opentelemetry+api@1.9.0_@playwright+test@1.56.1_react-dom@18_7hgdyk63qyoywe26j4c7wzx2ra/node_modules/next/dist/trace/trace.js:154:20)
gvteway:build:     at async Object.exportPage (/Users/julianclarkson/Documents/Dragonflyone/node_modules/.pnpm/next@14.2.34_@babel+core@7.28.5_@opentelemetry+api@1.9.0_@playwright+test@1.56.1_react-dom@18_7hgdyk63qyoywe26j4c7wzx2ra/node_modules/next/dist/export/worker.js:237:20)
gvteway:build: 
gvteway:build: Error occurred prerendering page "/tickets/anti-scalping". Read more: https://nextjs.org/docs/messages/prerender-error
gvteway:build: 
gvteway:build: Error: ENOENT: no such file or directory, open '/Users/julianclarkson/Documents/Dragonflyone/apps/gvteway/.next/server/font-manifest.json'
gvteway:build:     at readFileSync (node:fs:442:20)
gvteway:build:     at loadManifest (/Users/julianclarkson/Documents/Dragonflyone/node_modules/.pnpm/next@14.2.34_@babel+core@7.28.5_@opentelemetry+api@1.9.0_@playwright+test@1.56.1_react-dom@18_7hgdyk63qyoywe26j4c7wzx2ra/node_modules/next/dist/server/load-manifest.js:36:52)
gvteway:build:     at requireFontManifest (/Users/julianclarkson/Documents/Dragonflyone/node_modules/.pnpm/next@14.2.34_@babel+core@7.28.5_@opentelemetry+api@1.9.0_@playwright+test@1.56.1_react-dom@18_7hgdyk63qyoywe26j4c7wzx2ra/node_modules/next/dist/server/require.js:117:57)
gvteway:build:     at exportPageImpl (/Users/julianclarkson/Documents/Dragonflyone/node_modules/.pnpm/next@14.2.34_@babel+core@7.28.5_@opentelemetry+api@1.9.0_@playwright+test@1.56.1_react-dom@18_7hgdyk63qyoywe26j4c7wzx2ra/node_modules/next/dist/export/worker.js:191:76)
gvteway:build:     at async Span.traceAsyncFn (/Users/julianclarkson/Documents/Dragonflyone/node_modules/.pnpm/next@14.2.34_@babel+core@7.28.5_@opentelemetry+api@1.9.0_@playwright+test@1.56.1_react-dom@18_7hgdyk63qyoywe26j4c7wzx2ra/node_modules/next/dist/trace/trace.js:154:20)
gvteway:build:     at async Object.exportPage (/Users/julianclarkson/Documents/Dragonflyone/node_modules/.pnpm/next@14.2.34_@babel+core@7.28.5_@opentelemetry+api@1.9.0_@playwright+test@1.56.1_react-dom@18_7hgdyk63qyoywe26j4c7wzx2ra/node_modules/next/dist/export/worker.js:237:20)
gvteway:build: 
gvteway:build: Error occurred prerendering page "/tickets/gift". Read more: https://nextjs.org/docs/messages/prerender-error
gvteway:build: 
gvteway:build: Error: ENOENT: no such file or directory, open '/Users/julianclarkson/Documents/Dragonflyone/apps/gvteway/.next/server/font-manifest.json'
gvteway:build:     at readFileSync (node:fs:442:20)
gvteway:build:     at loadManifest (/Users/julianclarkson/Documents/Dragonflyone/node_modules/.pnpm/next@14.2.34_@babel+core@7.28.5_@opentelemetry+api@1.9.0_@playwright+test@1.56.1_react-dom@18_7hgdyk63qyoywe26j4c7wzx2ra/node_modules/next/dist/server/load-manifest.js:36:52)
gvteway:build:     at requireFontManifest (/Users/julianclarkson/Documents/Dragonflyone/node_modules/.pnpm/next@14.2.34_@babel+core@7.28.5_@opentelemetry+api@1.9.0_@playwright+test@1.56.1_react-dom@18_7hgdyk63qyoywe26j4c7wzx2ra/node_modules/next/dist/server/require.js:117:57)
gvteway:build:     at exportPageImpl (/Users/julianclarkson/Documents/Dragonflyone/node_modules/.pnpm/next@14.2.34_@babel+core@7.28.5_@opentelemetry+api@1.9.0_@playwright+test@1.56.1_react-dom@18_7hgdyk63qyoywe26j4c7wzx2ra/node_modules/next/dist/export/worker.js:191:76)
gvteway:build:     at async Span.traceAsyncFn (/Users/julianclarkson/Documents/Dragonflyone/node_modules/.pnpm/next@14.2.34_@babel+core@7.28.5_@opentelemetry+api@1.9.0_@playwright+test@1.56.1_react-dom@18_7hgdyk63qyoywe26j4c7wzx2ra/node_modules/next/dist/trace/trace.js:154:20)
gvteway:build:     at async Object.exportPage (/Users/julianclarkson/Documents/Dragonflyone/node_modules/.pnpm/next@14.2.34_@babel+core@7.28.5_@opentelemetry+api@1.9.0_@playwright+test@1.56.1_react-dom@18_7hgdyk63qyoywe26j4c7wzx2ra/node_modules/next/dist/export/worker.js:237:20)
gvteway:build: 
gvteway:build: Error occurred prerendering page "/tickets/groups". Read more: https://nextjs.org/docs/messages/prerender-error
gvteway:build: 
gvteway:build: Error: ENOENT: no such file or directory, open '/Users/julianclarkson/Documents/Dragonflyone/apps/gvteway/.next/server/font-manifest.json'
gvteway:build:     at readFileSync (node:fs:442:20)
gvteway:build:     at loadManifest (/Users/julianclarkson/Documents/Dragonflyone/node_modules/.pnpm/next@14.2.34_@babel+core@7.28.5_@opentelemetry+api@1.9.0_@playwright+test@1.56.1_react-dom@18_7hgdyk63qyoywe26j4c7wzx2ra/node_modules/next/dist/server/load-manifest.js:36:52)
gvteway:build:     at requireFontManifest (/Users/julianclarkson/Documents/Dragonflyone/node_modules/.pnpm/next@14.2.34_@babel+core@7.28.5_@opentelemetry+api@1.9.0_@playwright+test@1.56.1_react-dom@18_7hgdyk63qyoywe26j4c7wzx2ra/node_modules/next/dist/server/require.js:117:57)
gvteway:build:     at exportPageImpl (/Users/julianclarkson/Documents/Dragonflyone/node_modules/.pnpm/next@14.2.34_@babel+core@7.28.5_@opentelemetry+api@1.9.0_@playwright+test@1.56.1_react-dom@18_7hgdyk63qyoywe26j4c7wzx2ra/node_modules/next/dist/export/worker.js:191:76)
gvteway:build:     at async Span.traceAsyncFn (/Users/julianclarkson/Documents/Dragonflyone/node_modules/.pnpm/next@14.2.34_@babel+core@7.28.5_@opentelemetry+api@1.9.0_@playwright+test@1.56.1_react-dom@18_7hgdyk63qyoywe26j4c7wzx2ra/node_modules/next/dist/trace/trace.js:154:20)
gvteway:build:     at async Object.exportPage (/Users/julianclarkson/Documents/Dragonflyone/node_modules/.pnpm/next@14.2.34_@babel+core@7.28.5_@opentelemetry+api@1.9.0_@playwright+test@1.56.1_react-dom@18_7hgdyk63qyoywe26j4c7wzx2ra/node_modules/next/dist/export/worker.js:237:20)
gvteway:build: 
gvteway:build: Error occurred prerendering page "/tickets". Read more: https://nextjs.org/docs/messages/prerender-error
gvteway:build: 
gvteway:build: Error: ENOENT: no such file or directory, open '/Users/julianclarkson/Documents/Dragonflyone/apps/gvteway/.next/server/font-manifest.json'
gvteway:build:     at readFileSync (node:fs:442:20)
gvteway:build:     at loadManifest (/Users/julianclarkson/Documents/Dragonflyone/node_modules/.pnpm/next@14.2.34_@babel+core@7.28.5_@opentelemetry+api@1.9.0_@playwright+test@1.56.1_react-dom@18_7hgdyk63qyoywe26j4c7wzx2ra/node_modules/next/dist/server/load-manifest.js:36:52)
gvteway:build:     at requireFontManifest (/Users/julianclarkson/Documents/Dragonflyone/node_modules/.pnpm/next@14.2.34_@babel+core@7.28.5_@opentelemetry+api@1.9.0_@playwright+test@1.56.1_react-dom@18_7hgdyk63qyoywe26j4c7wzx2ra/node_modules/next/dist/server/require.js:117:57)
gvteway:build:     at exportPageImpl (/Users/julianclarkson/Documents/Dragonflyone/node_modules/.pnpm/next@14.2.34_@babel+core@7.28.5_@opentelemetry+api@1.9.0_@playwright+test@1.56.1_react-dom@18_7hgdyk63qyoywe26j4c7wzx2ra/node_modules/next/dist/export/worker.js:191:76)
gvteway:build:     at async Span.traceAsyncFn (/Users/julianclarkson/Documents/Dragonflyone/node_modules/.pnpm/next@14.2.34_@babel+core@7.28.5_@opentelemetry+api@1.9.0_@playwright+test@1.56.1_react-dom@18_7hgdyk63qyoywe26j4c7wzx2ra/node_modules/next/dist/trace/trace.js:154:20)
gvteway:build:     at async Object.exportPage (/Users/julianclarkson/Documents/Dragonflyone/node_modules/.pnpm/next@14.2.34_@babel+core@7.28.5_@opentelemetry+api@1.9.0_@playwright+test@1.56.1_react-dom@18_7hgdyk63qyoywe26j4c7wzx2ra/node_modules/next/dist/export/worker.js:237:20)
gvteway:build: 
gvteway:build: Error occurred prerendering page "/tickets/print-at-home". Read more: https://nextjs.org/docs/messages/prerender-error
gvteway:build: 
gvteway:build: Error: ENOENT: no such file or directory, open '/Users/julianclarkson/Documents/Dragonflyone/apps/gvteway/.next/server/font-manifest.json'
gvteway:build:     at readFileSync (node:fs:442:20)
gvteway:build:     at loadManifest (/Users/julianclarkson/Documents/Dragonflyone/node_modules/.pnpm/next@14.2.34_@babel+core@7.28.5_@opentelemetry+api@1.9.0_@playwright+test@1.56.1_react-dom@18_7hgdyk63qyoywe26j4c7wzx2ra/node_modules/next/dist/server/load-manifest.js:36:52)
gvteway:build:     at requireFontManifest (/Users/julianclarkson/Documents/Dragonflyone/node_modules/.pnpm/next@14.2.34_@babel+core@7.28.5_@opentelemetry+api@1.9.0_@playwright+test@1.56.1_react-dom@18_7hgdyk63qyoywe26j4c7wzx2ra/node_modules/next/dist/server/require.js:117:57)
gvteway:build:     at exportPageImpl (/Users/julianclarkson/Documents/Dragonflyone/node_modules/.pnpm/next@14.2.34_@babel+core@7.28.5_@opentelemetry+api@1.9.0_@playwright+test@1.56.1_react-dom@18_7hgdyk63qyoywe26j4c7wzx2ra/node_modules/next/dist/export/worker.js:191:76)
gvteway:build:     at async Span.traceAsyncFn (/Users/julianclarkson/Documents/Dragonflyone/node_modules/.pnpm/next@14.2.34_@babel+core@7.28.5_@opentelemetry+api@1.9.0_@playwright+test@1.56.1_react-dom@18_7hgdyk63qyoywe26j4c7wzx2ra/node_modules/next/dist/trace/trace.js:154:20)
gvteway:build:     at async Object.exportPage (/Users/julianclarkson/Documents/Dragonflyone/node_modules/.pnpm/next@14.2.34_@babel+core@7.28.5_@opentelemetry+api@1.9.0_@playwright+test@1.56.1_react-dom@18_7hgdyk63qyoywe26j4c7wzx2ra/node_modules/next/dist/export/worker.js:237:20)
gvteway:build: 
gvteway:build: Error occurred prerendering page "/tickets/tracking". Read more: https://nextjs.org/docs/messages/prerender-error
gvteway:build: 
gvteway:build: Error: ENOENT: no such file or directory, open '/Users/julianclarkson/Documents/Dragonflyone/apps/gvteway/.next/server/font-manifest.json'
gvteway:build:     at readFileSync (node:fs:442:20)
gvteway:build:     at loadManifest (/Users/julianclarkson/Documents/Dragonflyone/node_modules/.pnpm/next@14.2.34_@babel+core@7.28.5_@opentelemetry+api@1.9.0_@playwright+test@1.56.1_react-dom@18_7hgdyk63qyoywe26j4c7wzx2ra/node_modules/next/dist/server/load-manifest.js:36:52)
gvteway:build:     at requireFontManifest (/Users/julianclarkson/Documents/Dragonflyone/node_modules/.pnpm/next@14.2.34_@babel+core@7.28.5_@opentelemetry+api@1.9.0_@playwright+test@1.56.1_react-dom@18_7hgdyk63qyoywe26j4c7wzx2ra/node_modules/next/dist/server/require.js:117:57)
gvteway:build:     at exportPageImpl (/Users/julianclarkson/Documents/Dragonflyone/node_modules/.pnpm/next@14.2.34_@babel+core@7.28.5_@opentelemetry+api@1.9.0_@playwright+test@1.56.1_react-dom@18_7hgdyk63qyoywe26j4c7wzx2ra/node_modules/next/dist/export/worker.js:191:76)
gvteway:build:     at async Span.traceAsyncFn (/Users/julianclarkson/Documents/Dragonflyone/node_modules/.pnpm/next@14.2.34_@babel+core@7.28.5_@opentelemetry+api@1.9.0_@playwright+test@1.56.1_react-dom@18_7hgdyk63qyoywe26j4c7wzx2ra/node_modules/next/dist/trace/trace.js:154:20)
gvteway:build:     at async Object.exportPage (/Users/julianclarkson/Documents/Dragonflyone/node_modules/.pnpm/next@14.2.34_@babel+core@7.28.5_@opentelemetry+api@1.9.0_@playwright+test@1.56.1_react-dom@18_7hgdyk63qyoywe26j4c7wzx2ra/node_modules/next/dist/export/worker.js:237:20)
gvteway:build: 
gvteway:build: Error occurred prerendering page "/tickets/transfer". Read more: https://nextjs.org/docs/messages/prerender-error
gvteway:build: 
gvteway:build: Error: ENOENT: no such file or directory, open '/Users/julianclarkson/Documents/Dragonflyone/apps/gvteway/.next/server/font-manifest.json'
gvteway:build:     at readFileSync (node:fs:442:20)
gvteway:build:     at loadManifest (/Users/julianclarkson/Documents/Dragonflyone/node_modules/.pnpm/next@14.2.34_@babel+core@7.28.5_@opentelemetry+api@1.9.0_@playwright+test@1.56.1_react-dom@18_7hgdyk63qyoywe26j4c7wzx2ra/node_modules/next/dist/server/load-manifest.js:36:52)
gvteway:build:     at requireFontManifest (/Users/julianclarkson/Documents/Dragonflyone/node_modules/.pnpm/next@14.2.34_@babel+core@7.28.5_@opentelemetry+api@1.9.0_@playwright+test@1.56.1_react-dom@18_7hgdyk63qyoywe26j4c7wzx2ra/node_modules/next/dist/server/require.js:117:57)
gvteway:build:     at exportPageImpl (/Users/julianclarkson/Documents/Dragonflyone/node_modules/.pnpm/next@14.2.34_@babel+core@7.28.5_@opentelemetry+api@1.9.0_@playwright+test@1.56.1_react-dom@18_7hgdyk63qyoywe26j4c7wzx2ra/node_modules/next/dist/export/worker.js:191:76)
gvteway:build:     at async Span.traceAsyncFn (/Users/julianclarkson/Documents/Dragonflyone/node_modules/.pnpm/next@14.2.34_@babel+core@7.28.5_@opentelemetry+api@1.9.0_@playwright+test@1.56.1_react-dom@18_7hgdyk63qyoywe26j4c7wzx2ra/node_modules/next/dist/trace/trace.js:154:20)
gvteway:build:     at async Object.exportPage (/Users/julianclarkson/Documents/Dragonflyone/node_modules/.pnpm/next@14.2.34_@babel+core@7.28.5_@opentelemetry+api@1.9.0_@playwright+test@1.56.1_react-dom@18_7hgdyk63qyoywe26j4c7wzx2ra/node_modules/next/dist/export/worker.js:237:20)
gvteway:build: 
gvteway:build: Error occurred prerendering page "/tickets/urgency". Read more: https://nextjs.org/docs/messages/prerender-error
gvteway:build: 
gvteway:build: Error: ENOENT: no such file or directory, open '/Users/julianclarkson/Documents/Dragonflyone/apps/gvteway/.next/server/font-manifest.json'
gvteway:build:     at readFileSync (node:fs:442:20)
gvteway:build:     at loadManifest (/Users/julianclarkson/Documents/Dragonflyone/node_modules/.pnpm/next@14.2.34_@babel+core@7.28.5_@opentelemetry+api@1.9.0_@playwright+test@1.56.1_react-dom@18_7hgdyk63qyoywe26j4c7wzx2ra/node_modules/next/dist/server/load-manifest.js:36:52)
gvteway:build:     at requireFontManifest (/Users/julianclarkson/Documents/Dragonflyone/node_modules/.pnpm/next@14.2.34_@babel+core@7.28.5_@opentelemetry+api@1.9.0_@playwright+test@1.56.1_react-dom@18_7hgdyk63qyoywe26j4c7wzx2ra/node_modules/next/dist/server/require.js:117:57)
gvteway:build:     at exportPageImpl (/Users/julianclarkson/Documents/Dragonflyone/node_modules/.pnpm/next@14.2.34_@babel+core@7.28.5_@opentelemetry+api@1.9.0_@playwright+test@1.56.1_react-dom@18_7hgdyk63qyoywe26j4c7wzx2ra/node_modules/next/dist/export/worker.js:191:76)
gvteway:build:     at async Span.traceAsyncFn (/Users/julianclarkson/Documents/Dragonflyone/node_modules/.pnpm/next@14.2.34_@babel+core@7.28.5_@opentelemetry+api@1.9.0_@playwright+test@1.56.1_react-dom@18_7hgdyk63qyoywe26j4c7wzx2ra/node_modules/next/dist/trace/trace.js:154:20)
gvteway:build:     at async Object.exportPage (/Users/julianclarkson/Documents/Dragonflyone/node_modules/.pnpm/next@14.2.34_@babel+core@7.28.5_@opentelemetry+api@1.9.0_@playwright+test@1.56.1_react-dom@18_7hgdyk63qyoywe26j4c7wzx2ra/node_modules/next/dist/export/worker.js:237:20)
gvteway:build: 
gvteway:build: Error occurred prerendering page "/tours". Read more: https://nextjs.org/docs/messages/prerender-error
gvteway:build: 
gvteway:build: Error: ENOENT: no such file or directory, open '/Users/julianclarkson/Documents/Dragonflyone/apps/gvteway/.next/server/font-manifest.json'
gvteway:build:     at readFileSync (node:fs:442:20)
gvteway:build:     at loadManifest (/Users/julianclarkson/Documents/Dragonflyone/node_modules/.pnpm/next@14.2.34_@babel+core@7.28.5_@opentelemetry+api@1.9.0_@playwright+test@1.56.1_react-dom@18_7hgdyk63qyoywe26j4c7wzx2ra/node_modules/next/dist/server/load-manifest.js:36:52)
gvteway:build:     at requireFontManifest (/Users/julianclarkson/Documents/Dragonflyone/node_modules/.pnpm/next@14.2.34_@babel+core@7.28.5_@opentelemetry+api@1.9.0_@playwright+test@1.56.1_react-dom@18_7hgdyk63qyoywe26j4c7wzx2ra/node_modules/next/dist/server/require.js:117:57)
gvteway:build:     at exportPageImpl (/Users/julianclarkson/Documents/Dragonflyone/node_modules/.pnpm/next@14.2.34_@babel+core@7.28.5_@opentelemetry+api@1.9.0_@playwright+test@1.56.1_react-dom@18_7hgdyk63qyoywe26j4c7wzx2ra/node_modules/next/dist/export/worker.js:191:76)
gvteway:build:     at async Span.traceAsyncFn (/Users/julianclarkson/Documents/Dragonflyone/node_modules/.pnpm/next@14.2.34_@babel+core@7.28.5_@opentelemetry+api@1.9.0_@playwright+test@1.56.1_react-dom@18_7hgdyk63qyoywe26j4c7wzx2ra/node_modules/next/dist/trace/trace.js:154:20)
gvteway:build:     at async Object.exportPage (/Users/julianclarkson/Documents/Dragonflyone/node_modules/.pnpm/next@14.2.34_@babel+core@7.28.5_@opentelemetry+api@1.9.0_@playwright+test@1.56.1_react-dom@18_7hgdyk63qyoywe26j4c7wzx2ra/node_modules/next/dist/export/worker.js:237:20)
gvteway:build: 
gvteway:build: Error occurred prerendering page "/ugc". Read more: https://nextjs.org/docs/messages/prerender-error
gvteway:build: 
gvteway:build: Error: ENOENT: no such file or directory, open '/Users/julianclarkson/Documents/Dragonflyone/apps/gvteway/.next/server/font-manifest.json'
gvteway:build:     at readFileSync (node:fs:442:20)
gvteway:build:     at loadManifest (/Users/julianclarkson/Documents/Dragonflyone/node_modules/.pnpm/next@14.2.34_@babel+core@7.28.5_@opentelemetry+api@1.9.0_@playwright+test@1.56.1_react-dom@18_7hgdyk63qyoywe26j4c7wzx2ra/node_modules/next/dist/server/load-manifest.js:36:52)
gvteway:build:     at requireFontManifest (/Users/julianclarkson/Documents/Dragonflyone/node_modules/.pnpm/next@14.2.34_@babel+core@7.28.5_@opentelemetry+api@1.9.0_@playwright+test@1.56.1_react-dom@18_7hgdyk63qyoywe26j4c7wzx2ra/node_modules/next/dist/server/require.js:117:57)
gvteway:build:     at exportPageImpl (/Users/julianclarkson/Documents/Dragonflyone/node_modules/.pnpm/next@14.2.34_@babel+core@7.28.5_@opentelemetry+api@1.9.0_@playwright+test@1.56.1_react-dom@18_7hgdyk63qyoywe26j4c7wzx2ra/node_modules/next/dist/export/worker.js:191:76)
gvteway:build:     at async Span.traceAsyncFn (/Users/julianclarkson/Documents/Dragonflyone/node_modules/.pnpm/next@14.2.34_@babel+core@7.28.5_@opentelemetry+api@1.9.0_@playwright+test@1.56.1_react-dom@18_7hgdyk63qyoywe26j4c7wzx2ra/node_modules/next/dist/trace/trace.js:154:20)
gvteway:build:     at async Object.exportPage (/Users/julianclarkson/Documents/Dragonflyone/node_modules/.pnpm/next@14.2.34_@babel+core@7.28.5_@opentelemetry+api@1.9.0_@playwright+test@1.56.1_react-dom@18_7hgdyk63qyoywe26j4c7wzx2ra/node_modules/next/dist/export/worker.js:237:20)
gvteway:build: 
gvteway:build: Error occurred prerendering page "/venues". Read more: https://nextjs.org/docs/messages/prerender-error
gvteway:build: 
gvteway:build: Error: ENOENT: no such file or directory, open '/Users/julianclarkson/Documents/Dragonflyone/apps/gvteway/.next/server/font-manifest.json'
gvteway:build:     at readFileSync (node:fs:442:20)
gvteway:build:     at loadManifest (/Users/julianclarkson/Documents/Dragonflyone/node_modules/.pnpm/next@14.2.34_@babel+core@7.28.5_@opentelemetry+api@1.9.0_@playwright+test@1.56.1_react-dom@18_7hgdyk63qyoywe26j4c7wzx2ra/node_modules/next/dist/server/load-manifest.js:36:52)
gvteway:build:     at requireFontManifest (/Users/julianclarkson/Documents/Dragonflyone/node_modules/.pnpm/next@14.2.34_@babel+core@7.28.5_@opentelemetry+api@1.9.0_@playwright+test@1.56.1_react-dom@18_7hgdyk63qyoywe26j4c7wzx2ra/node_modules/next/dist/server/require.js:117:57)
gvteway:build:     at exportPageImpl (/Users/julianclarkson/Documents/Dragonflyone/node_modules/.pnpm/next@14.2.34_@babel+core@7.28.5_@opentelemetry+api@1.9.0_@playwright+test@1.56.1_react-dom@18_7hgdyk63qyoywe26j4c7wzx2ra/node_modules/next/dist/export/worker.js:191:76)
gvteway:build:     at async Span.traceAsyncFn (/Users/julianclarkson/Documents/Dragonflyone/node_modules/.pnpm/next@14.2.34_@babel+core@7.28.5_@opentelemetry+api@1.9.0_@playwright+test@1.56.1_react-dom@18_7hgdyk63qyoywe26j4c7wzx2ra/node_modules/next/dist/trace/trace.js:154:20)
gvteway:build:     at async Object.exportPage (/Users/julianclarkson/Documents/Dragonflyone/node_modules/.pnpm/next@14.2.34_@babel+core@7.28.5_@opentelemetry+api@1.9.0_@playwright+test@1.56.1_react-dom@18_7hgdyk63qyoywe26j4c7wzx2ra/node_modules/next/dist/export/worker.js:237:20)
gvteway:build: 
gvteway:build: Error occurred prerendering page "/wallet/offline". Read more: https://nextjs.org/docs/messages/prerender-error
gvteway:build: 
gvteway:build: Error: ENOENT: no such file or directory, open '/Users/julianclarkson/Documents/Dragonflyone/apps/gvteway/.next/server/font-manifest.json'
gvteway:build:     at readFileSync (node:fs:442:20)
gvteway:build:     at loadManifest (/Users/julianclarkson/Documents/Dragonflyone/node_modules/.pnpm/next@14.2.34_@babel+core@7.28.5_@opentelemetry+api@1.9.0_@playwright+test@1.56.1_react-dom@18_7hgdyk63qyoywe26j4c7wzx2ra/node_modules/next/dist/server/load-manifest.js:36:52)
gvteway:build:     at requireFontManifest (/Users/julianclarkson/Documents/Dragonflyone/node_modules/.pnpm/next@14.2.34_@babel+core@7.28.5_@opentelemetry+api@1.9.0_@playwright+test@1.56.1_react-dom@18_7hgdyk63qyoywe26j4c7wzx2ra/node_modules/next/dist/server/require.js:117:57)
gvteway:build:     at exportPageImpl (/Users/julianclarkson/Documents/Dragonflyone/node_modules/.pnpm/next@14.2.34_@babel+core@7.28.5_@opentelemetry+api@1.9.0_@playwright+test@1.56.1_react-dom@18_7hgdyk63qyoywe26j4c7wzx2ra/node_modules/next/dist/export/worker.js:191:76)
gvteway:build:     at async Span.traceAsyncFn (/Users/julianclarkson/Documents/Dragonflyone/node_modules/.pnpm/next@14.2.34_@babel+core@7.28.5_@opentelemetry+api@1.9.0_@playwright+test@1.56.1_react-dom@18_7hgdyk63qyoywe26j4c7wzx2ra/node_modules/next/dist/trace/trace.js:154:20)
gvteway:build:     at async Object.exportPage (/Users/julianclarkson/Documents/Dragonflyone/node_modules/.pnpm/next@14.2.34_@babel+core@7.28.5_@opentelemetry+api@1.9.0_@playwright+test@1.56.1_react-dom@18_7hgdyk63qyoywe26j4c7wzx2ra/node_modules/next/dist/export/worker.js:237:20)
gvteway:build: 
gvteway:build: Error occurred prerendering page "/wallet". Read more: https://nextjs.org/docs/messages/prerender-error
gvteway:build: 
gvteway:build: Error: ENOENT: no such file or directory, open '/Users/julianclarkson/Documents/Dragonflyone/apps/gvteway/.next/server/font-manifest.json'
gvteway:build:     at readFileSync (node:fs:442:20)
gvteway:build:     at loadManifest (/Users/julianclarkson/Documents/Dragonflyone/node_modules/.pnpm/next@14.2.34_@babel+core@7.28.5_@opentelemetry+api@1.9.0_@playwright+test@1.56.1_react-dom@18_7hgdyk63qyoywe26j4c7wzx2ra/node_modules/next/dist/server/load-manifest.js:36:52)
gvteway:build:     at requireFontManifest (/Users/julianclarkson/Documents/Dragonflyone/node_modules/.pnpm/next@14.2.34_@babel+core@7.28.5_@opentelemetry+api@1.9.0_@playwright+test@1.56.1_react-dom@18_7hgdyk63qyoywe26j4c7wzx2ra/node_modules/next/dist/server/require.js:117:57)
gvteway:build:     at exportPageImpl (/Users/julianclarkson/Documents/Dragonflyone/node_modules/.pnpm/next@14.2.34_@babel+core@7.28.5_@opentelemetry+api@1.9.0_@playwright+test@1.56.1_react-dom@18_7hgdyk63qyoywe26j4c7wzx2ra/node_modules/next/dist/export/worker.js:191:76)
gvteway:build:     at async Span.traceAsyncFn (/Users/julianclarkson/Documents/Dragonflyone/node_modules/.pnpm/next@14.2.34_@babel+core@7.28.5_@opentelemetry+api@1.9.0_@playwright+test@1.56.1_react-dom@18_7hgdyk63qyoywe26j4c7wzx2ra/node_modules/next/dist/trace/trace.js:154:20)
gvteway:build:     at async Object.exportPage (/Users/julianclarkson/Documents/Dragonflyone/node_modules/.pnpm/next@14.2.34_@babel+core@7.28.5_@opentelemetry+api@1.9.0_@playwright+test@1.56.1_react-dom@18_7hgdyk63qyoywe26j4c7wzx2ra/node_modules/next/dist/export/worker.js:237:20)
gvteway:build: 
gvteway:build: Error occurred prerendering page "/wishlist". Read more: https://nextjs.org/docs/messages/prerender-error
gvteway:build: 
gvteway:build: Error: ENOENT: no such file or directory, open '/Users/julianclarkson/Documents/Dragonflyone/apps/gvteway/.next/server/font-manifest.json'
gvteway:build:     at readFileSync (node:fs:442:20)
gvteway:build:     at loadManifest (/Users/julianclarkson/Documents/Dragonflyone/node_modules/.pnpm/next@14.2.34_@babel+core@7.28.5_@opentelemetry+api@1.9.0_@playwright+test@1.56.1_react-dom@18_7hgdyk63qyoywe26j4c7wzx2ra/node_modules/next/dist/server/load-manifest.js:36:52)
gvteway:build:     at requireFontManifest (/Users/julianclarkson/Documents/Dragonflyone/node_modules/.pnpm/next@14.2.34_@babel+core@7.28.5_@opentelemetry+api@1.9.0_@playwright+test@1.56.1_react-dom@18_7hgdyk63qyoywe26j4c7wzx2ra/node_modules/next/dist/server/require.js:117:57)
gvteway:build:     at exportPageImpl (/Users/julianclarkson/Documents/Dragonflyone/node_modules/.pnpm/next@14.2.34_@babel+core@7.28.5_@opentelemetry+api@1.9.0_@playwright+test@1.56.1_react-dom@18_7hgdyk63qyoywe26j4c7wzx2ra/node_modules/next/dist/export/worker.js:191:76)
gvteway:build:     at async Span.traceAsyncFn (/Users/julianclarkson/Documents/Dragonflyone/node_modules/.pnpm/next@14.2.34_@babel+core@7.28.5_@opentelemetry+api@1.9.0_@playwright+test@1.56.1_react-dom@18_7hgdyk63qyoywe26j4c7wzx2ra/node_modules/next/dist/trace/trace.js:154:20)
gvteway:build:     at async Object.exportPage (/Users/julianclarkson/Documents/Dragonflyone/node_modules/.pnpm/next@14.2.34_@babel+core@7.28.5_@opentelemetry+api@1.9.0_@playwright+test@1.56.1_react-dom@18_7hgdyk63qyoywe26j4c7wzx2ra/node_modules/next/dist/export/worker.js:237:20)
gvteway:build: 
gvteway:build: Error occurred prerendering page "/watch-parties". Read more: https://nextjs.org/docs/messages/prerender-error
gvteway:build: 
gvteway:build: Error: ENOENT: no such file or directory, open '/Users/julianclarkson/Documents/Dragonflyone/apps/gvteway/.next/server/font-manifest.json'
gvteway:build:     at readFileSync (node:fs:442:20)
gvteway:build:     at loadManifest (/Users/julianclarkson/Documents/Dragonflyone/node_modules/.pnpm/next@14.2.34_@babel+core@7.28.5_@opentelemetry+api@1.9.0_@playwright+test@1.56.1_react-dom@18_7hgdyk63qyoywe26j4c7wzx2ra/node_modules/next/dist/server/load-manifest.js:36:52)
gvteway:build:     at requireFontManifest (/Users/julianclarkson/Documents/Dragonflyone/node_modules/.pnpm/next@14.2.34_@babel+core@7.28.5_@opentelemetry+api@1.9.0_@playwright+test@1.56.1_react-dom@18_7hgdyk63qyoywe26j4c7wzx2ra/node_modules/next/dist/server/require.js:117:57)
gvteway:build:     at exportPageImpl (/Users/julianclarkson/Documents/Dragonflyone/node_modules/.pnpm/next@14.2.34_@babel+core@7.28.5_@opentelemetry+api@1.9.0_@playwright+test@1.56.1_react-dom@18_7hgdyk63qyoywe26j4c7wzx2ra/node_modules/next/dist/export/worker.js:191:76)
gvteway:build:     at async Span.traceAsyncFn (/Users/julianclarkson/Documents/Dragonflyone/node_modules/.pnpm/next@14.2.34_@babel+core@7.28.5_@opentelemetry+api@1.9.0_@playwright+test@1.56.1_react-dom@18_7hgdyk63qyoywe26j4c7wzx2ra/node_modules/next/dist/trace/trace.js:154:20)
gvteway:build:     at async Object.exportPage (/Users/julianclarkson/Documents/Dragonflyone/node_modules/.pnpm/next@14.2.34_@babel+core@7.28.5_@opentelemetry+api@1.9.0_@playwright+test@1.56.1_react-dom@18_7hgdyk63qyoywe26j4c7wzx2ra/node_modules/next/dist/export/worker.js:237:20)
gvteway:build:  ✓ Generating static pages (138/138)
gvteway:build: 
gvteway:build: > Export encountered errors on following paths:
gvteway:build: 	/(auth)/login/page: /login
gvteway:build: 	/_not-found/page: /_not-found
gvteway:build: 	/accessibility/page: /accessibility
gvteway:build: 	/accessibility/request/page: /accessibility/request
gvteway:build: 	/account/my-refunds/page: /account/my-refunds
gvteway:build: 	/account/my-transfers/page: /account/my-transfers
gvteway:build: 	/account/orders/page: /account/orders
gvteway:build: 	/account/page: /account
gvteway:build: 	/account/profile/page: /account/profile
gvteway:build: 	/account/tickets/page: /account/tickets
gvteway:build: 	/activity/page: /activity
gvteway:build: 	/admin/anti-scalping/page: /admin/anti-scalping
gvteway:build: 	/admin/content-calendar/page: /admin/content-calendar
gvteway:build: 	/admin/contests/page: /admin/contests
gvteway:build: 	/admin/integrations/page: /admin/integrations
gvteway:build: 	/admin/inventory-sync/page: /admin/inventory-sync
gvteway:build: 	/admin/marketing/sms/page: /admin/marketing/sms
gvteway:build: 	/admin/moderation/page: /admin/moderation
gvteway:build: 	/admin/pos/cashless/page: /admin/pos/cashless
gvteway:build: 	/admin/pos/page: /admin/pos
gvteway:build: 	/admin/pricing/early-bird/page: /admin/pricing/early-bird
gvteway:build: 	/admin/promo-codes/page: /admin/promo-codes
gvteway:build: 	/admin/sales-reporting/page: /admin/sales-reporting
gvteway:build: 	/admin/will-call/page: /admin/will-call
gvteway:build: 	/apply/confirmation/page: /apply/confirmation
gvteway:build: 	/apply/page: /apply
gvteway:build: 	/artists/page: /artists
gvteway:build: 	/auth/forgot-password/page: /auth/forgot-password
gvteway:build: 	/auth/magic-link/page: /auth/magic-link
gvteway:build: 	/auth/reset-password/page: /auth/reset-password
gvteway:build: 	/auth/signin/page: /auth/signin
gvteway:build: 	/auth/signup/page: /auth/signup
gvteway:build: 	/auth/verify-email/page: /auth/verify-email
gvteway:build: 	/browse/page: /browse
gvteway:build: 	/calendar/page: /calendar
gvteway:build: 	/cart/page: /cart
gvteway:build: 	/checkout/currency/page: /checkout/currency
gvteway:build: 	/checkout/page: /checkout
gvteway:build: 	/community/challenges/page: /community/challenges
gvteway:build: 	/community/fan-content/page: /community/fan-content
gvteway:build: 	/community/guidelines/page: /community/guidelines
gvteway:build: 	/community/page: /community
gvteway:build: 	/community/polls/page: /community/polls
gvteway:build: 	/confirmation/page: /confirmation
gvteway:build: 	/content/page: /content
gvteway:build: 	/dashboard/page: /dashboard
gvteway:build: 	/deals/page: /deals
gvteway:build: 	/design-system/page: /design-system
gvteway:build: 	/destinations/page: /destinations
gvteway:build: 	/directions/page: /directions
gvteway:build: 	/discover/page: /discover
gvteway:build: 	/discover/quiz/page: /discover/quiz
gvteway:build: 	/events/clone/page: /events/clone
gvteway:build: 	/events/compare/page: /events/compare
gvteway:build: 	/events/create/collaboration/page: /events/create/collaboration
gvteway:build: 	/events/create/from-blueprint/page: /events/create/from-blueprint
gvteway:build: 	/events/create/page: /events/create
gvteway:build: 	/events/page: /events
gvteway:build: 	/events/templates/page: /events/templates
gvteway:build: 	/experiences/page: /experiences
gvteway:build: 	/fan-club/exclusive-access/page: /fan-club/exclusive-access
gvteway:build: 	/fan-club/page: /fan-club
gvteway:build: 	/fan-clubs/page: /fan-clubs
gvteway:build: 	/favicon.ico/route: /favicon.ico
gvteway:build: 	/favorites/page: /favorites
gvteway:build: 	/forums/page: /forums
gvteway:build: 	/friends/page: /friends
gvteway:build: 	/gift-cards/page: /gift-cards
gvteway:build: 	/groups/page: /groups
gvteway:build: 	/help/page: /help
gvteway:build: 	/lost-found/page: /lost-found
gvteway:build: 	/map/page: /map
gvteway:build: 	/marketing/ab-testing/page: /marketing/ab-testing
gvteway:build: 	/marketing/analytics/page: /marketing/analytics
gvteway:build: 	/marketing/early-bird/page: /marketing/early-bird
gvteway:build: 	/marketing/influencers/page: /marketing/influencers
gvteway:build: 	/marketing/media-kit/page: /marketing/media-kit
gvteway:build: 	/marketing/pixels/page: /marketing/pixels
gvteway:build: 	/match/page: /match
gvteway:build: 	/membership/benefits/page: /membership/benefits
gvteway:build: 	/membership/page: /membership
gvteway:build: 	/merch/bundles/page: /merch/bundles
gvteway:build: 	/merch/page: /merch
gvteway:build: 	/messages/page: /messages
gvteway:build: 	/moderate/page: /moderate
gvteway:build: 	/my-events/page: /my-events
gvteway:build: 	/nearby/page: /nearby
gvteway:build: 	/new-events/page: /new-events
gvteway:build: 	/notifications/page: /notifications
gvteway:build: 	/offline/page: /offline
gvteway:build: 	/onboarding/page: /onboarding
gvteway:build: 	/orders/history/page: /orders/history
gvteway:build: 	/orders/page: /orders
gvteway:build: 	/packages/page: /packages
gvteway:build: 	/photos/page: /photos
gvteway:build: 	/price-alerts/page: /price-alerts
gvteway:build: 	/profile/badges/page: /profile/badges
gvteway:build: 	/profile/page: /profile
gvteway:build: 	/profile/reputation/page: /profile/reputation
gvteway:build: 	/qa-sessions/page: /qa-sessions
gvteway:build: 	/referrals/page: /referrals
gvteway:build: 	/resale/page: /resale
gvteway:build: 	/reviews/new/page: /reviews/new
gvteway:build: 	/reviews/page: /reviews
gvteway:build: 	/rewards/page: /rewards
gvteway:build: 	/saved-searches/page: /saved-searches
gvteway:build: 	/search/page: /search
gvteway:build: 	/search/universal/page: /search/universal
gvteway:build: 	/settings/language/page: /settings/language
gvteway:build: 	/settings/notifications/page: /settings/notifications
gvteway:build: 	/settings/page: /settings
gvteway:build: 	/settings/privacy/page: /settings/privacy
gvteway:build: 	/shop/shoppable/page: /shop/shoppable
gvteway:build: 	/social/crisis-management/page: /social/crisis-management
gvteway:build: 	/social/inbox/page: /social/inbox
gvteway:build: 	/social/page: /social
gvteway:build: 	/social/sentiment/page: /social/sentiment
gvteway:build: 	/social/story-templates/page: /social/story-templates
gvteway:build: 	/social/tiktok-challenges/page: /social/tiktok-challenges
gvteway:build: 	/support/chat/page: /support/chat
gvteway:build: 	/tickets/anti-scalping/page: /tickets/anti-scalping
gvteway:build: 	/tickets/gift/page: /tickets/gift
gvteway:build: 	/tickets/groups/page: /tickets/groups
gvteway:build: 	/tickets/page: /tickets
gvteway:build: 	/tickets/print-at-home/page: /tickets/print-at-home
gvteway:build: 	/tickets/tracking/page: /tickets/tracking
gvteway:build: 	/tickets/transfer/page: /tickets/transfer
gvteway:build: 	/tickets/urgency/page: /tickets/urgency
gvteway:build: 	/tours/page: /tours
gvteway:build: 	/ugc/page: /ugc
gvteway:build: 	/venues/page: /venues
gvteway:build: 	/wallet/offline/page: /wallet/offline
gvteway:build: 	/wallet/page: /wallet
gvteway:build: 	/watch-parties/page: /watch-parties
gvteway:build: 	/wishlist/page: /wishlist
gvteway:build:  ELIFECYCLE  Command failed with exit code 1.
gvteway:build: ERROR: command finished with error: command (/Users/julianclarkson/Documents/Dragonflyone/apps/gvteway) /Users/julianclarkson/Library/pnpm/.tools/@pnpm+macos-arm64/9.0.0/bin/pnpm run build exited (1)
gvteway#build: command (/Users/julianclarkson/Documents/Dragonflyone/apps/gvteway) /Users/julianclarkson/Library/pnpm/.tools/@pnpm+macos-arm64/9.0.0/bin/pnpm run build exited (1)

 Tasks:    2 successful, 3 total
Cached:    2 cached, 3 total
  Time:    26.988s 
Failed:    gvteway#build

 ERROR  run failed: command  exited (1)

--- SUMMARY ---
STATUS: ERRORS FOUND - Remediation required
